[
{
    "fields": {
        "expire_date": "2017-05-29T16:17:10.274Z",
        "session_data": "ZDNiOTVjNGNlYTQxMDZiMzc0NGM0OWY0MzM2YWQyZjYwNGQ3NWVjNzp7Il9hdXRoX3VzZXJfaGFzaCI6ImE2NzI2YjlmZmMzMDlhNTY1MDI4MmQ3YmQ5YTZmMjFhNzYzNDk1YTMiLCJfYXV0aF91c2VyX2JhY2tlbmQiOiJhY2NvdW50cy5iYWNrZW5kcy5FbWFpbEF1dGgiLCJfYXV0aF91c2VyX2lkIjoiMSJ9"
    },
    "model": "sessions.session",
    "pk": "4qd0q672go2o5kguk169ou8npsbqg4qr"
},
{
    "fields": {
        "expire_date": "2017-05-30T16:39:43.203Z",
        "session_data": "ZDNiOTVjNGNlYTQxMDZiMzc0NGM0OWY0MzM2YWQyZjYwNGQ3NWVjNzp7Il9hdXRoX3VzZXJfaGFzaCI6ImE2NzI2YjlmZmMzMDlhNTY1MDI4MmQ3YmQ5YTZmMjFhNzYzNDk1YTMiLCJfYXV0aF91c2VyX2JhY2tlbmQiOiJhY2NvdW50cy5iYWNrZW5kcy5FbWFpbEF1dGgiLCJfYXV0aF91c2VyX2lkIjoiMSJ9"
    },
    "model": "sessions.session",
    "pk": "c0rq3zcpsl1mpipln658vt3lyhmk6yde"
},
{
    "fields": {
        "expire_date": "2017-06-06T16:31:30.924Z",
        "session_data": "ZDNiOTVjNGNlYTQxMDZiMzc0NGM0OWY0MzM2YWQyZjYwNGQ3NWVjNzp7Il9hdXRoX3VzZXJfaGFzaCI6ImE2NzI2YjlmZmMzMDlhNTY1MDI4MmQ3YmQ5YTZmMjFhNzYzNDk1YTMiLCJfYXV0aF91c2VyX2JhY2tlbmQiOiJhY2NvdW50cy5iYWNrZW5kcy5FbWFpbEF1dGgiLCJfYXV0aF91c2VyX2lkIjoiMSJ9"
    },
    "model": "sessions.session",
    "pk": "mf9542fptmv1jn1s17nw4gva7bz7azhv"
},
{
    "fields": {
        "expire_date": "2017-06-04T14:47:57.927Z",
        "session_data": "ZGY4NDZlYzI1ZjNjNGUwMDg3MDM5NGI0ZWU0MjQ2MmY2ODIxNWY3NTp7Il9hdXRoX3VzZXJfaGFzaCI6ImE2NzI2YjlmZmMzMDlhNTY1MDI4MmQ3YmQ5YTZmMjFhNzYzNDk1YTMiLCJfYXV0aF91c2VyX2JhY2tlbmQiOiJkamFuZ28uY29udHJpYi5hdXRoLmJhY2tlbmRzLk1vZGVsQmFja2VuZCIsIl9hdXRoX3VzZXJfaWQiOiIxIn0="
    },
    "model": "sessions.session",
    "pk": "oanh2aqmflgzcbl02dqxixzp4e2twwdj"
},
{
    "fields": {
        "expire_date": "2017-06-04T14:34:36.550Z",
        "session_data": "ZDNiOTVjNGNlYTQxMDZiMzc0NGM0OWY0MzM2YWQyZjYwNGQ3NWVjNzp7Il9hdXRoX3VzZXJfaGFzaCI6ImE2NzI2YjlmZmMzMDlhNTY1MDI4MmQ3YmQ5YTZmMjFhNzYzNDk1YTMiLCJfYXV0aF91c2VyX2JhY2tlbmQiOiJhY2NvdW50cy5iYWNrZW5kcy5FbWFpbEF1dGgiLCJfYXV0aF91c2VyX2lkIjoiMSJ9"
    },
    "model": "sessions.session",
    "pk": "ons3g9o70qsxwnu771nw38isoeffnq7r"
},
{
    "fields": {
        "expire_date": "2017-05-30T16:24:23.836Z",
        "session_data": "ZDNiOTVjNGNlYTQxMDZiMzc0NGM0OWY0MzM2YWQyZjYwNGQ3NWVjNzp7Il9hdXRoX3VzZXJfaGFzaCI6ImE2NzI2YjlmZmMzMDlhNTY1MDI4MmQ3YmQ5YTZmMjFhNzYzNDk1YTMiLCJfYXV0aF91c2VyX2JhY2tlbmQiOiJhY2NvdW50cy5iYWNrZW5kcy5FbWFpbEF1dGgiLCJfYXV0aF91c2VyX2lkIjoiMSJ9"
    },
    "model": "sessions.session",
    "pk": "ulm8251k3dhgqcyi5gzfxtlb9mzwmez6"
},
{
    "fields": {
        "expire_date": "2017-06-06T15:52:50.478Z",
        "session_data": "ZDhkODMxNDQwNjA1NjY3Y2I0ODZjNGE5ODQ5YzgyOTYwMDQ3ZDdiYzp7Il9hdXRoX3VzZXJfaGFzaCI6ImQ2YWZiZDYwODQ3NDc5YzAzN2RkZGE5YzNhY2I3YzZlMzg2MjUyNTkiLCJfYXV0aF91c2VyX2lkIjoiMiIsIl9hdXRoX3VzZXJfYmFja2VuZCI6ImFjY291bnRzLmJhY2tlbmRzLkVtYWlsQXV0aCJ9"
    },
    "model": "sessions.session",
    "pk": "xa2emcnyli4z77yg0veo860g2xs7wruw"
},
{
    "fields": {
        "expire_date": "2017-06-12T11:44:21.564Z",
        "session_data": "MjczYWRhNDE4NDllM2U4Njk1OTEyNmY4NWEyYWY0ZmRjODg3MDcxZTp7Il9hdXRoX3VzZXJfaGFzaCI6ImQyMDExNDkyZjFkOTZjMjZkOTBlOTgxZDQ4MDE5OTkwMGM5MjQxYzIiLCJfYXV0aF91c2VyX2JhY2tlbmQiOiJhY2NvdW50cy5iYWNrZW5kcy5FbWFpbEF1dGgiLCJfYXV0aF91c2VyX2lkIjoiOSJ9"
    },
    "model": "sessions.session",
    "pk": "yjg4sga1g7a5vqih3jyxn1ls3ij7ncpm"
},
{
    "fields": {
        "domain": "example.com",
        "name": "example.com"
    },
    "model": "sites.site",
    "pk": 3
},
{
    "fields": {
        "username": "rebm01@hotmail.co.uk",
        "first_name": "Bex",
        "last_name": "Manning",
        "is_active": true,
        "is_superuser": true,
        "is_staff": true,
        "last_login": "2017-05-29T11:29:36.193Z",
        "groups": [],
        "user_permissions": [],
        "password": "pbkdf2_sha256$20000$PunUDx5Hz1oG$SE+NZpWvD7yoi66itWs1dA+qTTh352nM953KQ+DllcE=",
        "email": "rebm01@hotmail.co.uk",
        "date_joined": "2017-05-12T16:02:50.203Z"
    },
    "model": "accounts.user",
    "pk": 1
},
{
    "fields": {
        "username": "connormale@hotmail.co.uk",
        "first_name": "Connor",
        "last_name": "Male",
        "is_active": true,
        "is_superuser": false,
        "is_staff": false,
        "last_login": "2017-05-28T17:48:02.290Z",
        "groups": [],
        "user_permissions": [],
        "password": "pbkdf2_sha256$20000$2kokZAvlGruH$KPuCd+aNhfJZawVWr5WYmc3fyjComSbzjufFs+Ih4eA=",
        "email": "connormale@hotmail.co.uk",
        "date_joined": "2017-05-27T20:22:41.645Z"
    },
    "model": "accounts.user",
    "pk": 5
},
{
    "fields": {
        "username": "missbrewtiful@hotmail.co.uk",
        "first_name": "Miss",
        "last_name": "Brewtiful",
        "is_active": true,
        "is_superuser": false,
        "is_staff": false,
        "last_login": "2017-05-29T11:08:47.282Z",
        "groups": [],
        "user_permissions": [],
        "password": "pbkdf2_sha256$20000$BMpY18xJkUDu$pOWt6EQtsaBURJppQcZaml0lmyk+XXLv8BhwzXf014w=",
        "email": "missbrewtiful@hotmail.co.uk",
        "date_joined": "2017-05-29T11:08:29.134Z"
    },
    "model": "accounts.user",
    "pk": 7
},
{
    "fields": {
        "username": "mrfairtrade@hotmail.co.uk",
        "first_name": "Mr",
        "last_name": "Fairtrade",
        "is_active": true,
        "is_superuser": false,
        "is_staff": false,
        "last_login": "2017-05-29T11:40:50.504Z",
        "groups": [],
        "user_permissions": [],
        "password": "pbkdf2_sha256$20000$IpmZXC3wC6oM$haxXRtX4l+WfppXE5N5dgc52DxSj+vG4oWseBXL1/z0=",
        "email": "mrfairtrade@hotmail.co.uk",
        "date_joined": "2017-05-29T11:40:42.081Z"
    },
    "model": "accounts.user",
    "pk": 8
},
{
    "fields": {
        "username": "mrbeano@hotmail.co.uk",
        "first_name": "Mr",
        "last_name": "Beano",
        "is_active": true,
        "is_superuser": false,
        "is_staff": false,
        "last_login": "2017-05-29T11:44:21.473Z",
        "groups": [],
        "user_permissions": [],
        "password": "pbkdf2_sha256$20000$tpNETO4MwV4A$85hX0KdvOQiPt2RhEXZ6rrFlOa5UX27rgm5InZy+v2k=",
        "email": "mrbeano@hotmail.co.uk",
        "date_joined": "2017-05-29T11:44:12.310Z"
    },
    "model": "accounts.user",
    "pk": 9
},
{
    "fields": {
        "created_at": "2017-05-16T16:26:11.385Z",
        "last_name": "buyer",
        "shipping_method": "",
        "query": "txn_type=subscr_signup&subscr_id=I-8S4R6ME4DT59&last_name=buyer&residence_country=GB&mc_currency=GBP&item_name=30+coffees+per+month&business=rebm01-facilitator%40hotmail.co.uk&recurring=1&verify_sign=APvissTSNYxEsF2tvyvfCnTn10fsA0EOgLLv1IzhpelejjrM-QWQFIuL&payer_status=verified&test_ipn=1&payer_email=rebm01-buyer%40hotmail.co.uk&first_name=test&receiver_email=rebm01-facilitator%40hotmail.co.uk&payer_id=ZS2CMK4TBV3ZE&invoice=d0052e2a-ef25-420f-85c6-ed9e7fdacbf1&reattempt=1&subscr_date=09%3A25%3A46+May+16%2C+2017+PDT&custom=1-1&charset=windows-1252&notify_version=3.8&period3=1+M&mc_amount3=30.00&ipn_track_id=44d03ef11c661",
        "outstanding_balance": null,
        "subscr_id": "I-8S4R6ME4DT59",
        "auction_multi_item": null,
        "item_name": "30 coffees per month",
        "case_id": "",
        "mp_id": "",
        "address_name": "",
        "transaction_entity": "",
        "from_view": "",
        "auction_closing_date": null,
        "password": "",
        "auction_buyer_id": "",
        "address_country_code": "",
        "address_city": "",
        "address_status": "",
        "auth_exp": "",
        "payer_email": "rebm01-buyer@hotmail.co.uk",
        "mc_gross": null,
        "reattempt": "1",
        "reason_code": "",
        "remaining_settle": null,
        "invoice": "d0052e2a-ef25-420f-85c6-ed9e7fdacbf1",
        "address_state": "",
        "num_cart_items": null,
        "address_country": "",
        "payer_business_name": "",
        "first_name": "test",
        "mc_shipping": null,
        "flag_info": "",
        "for_auction": null,
        "profile_status": "",
        "item_number": "",
        "business": "rebm01-facilitator@hotmail.co.uk",
        "settle_currency": "",
        "shipping": null,
        "amount": null,
        "currency_code": "",
        "txn_id": "",
        "payment_status": "",
        "payment_gross": null,
        "retry_at": null,
        "exchange_rate": null,
        "residence_country": "GB",
        "payer_status": "verified",
        "address_street": "",
        "initial_payment_amount": null,
        "auth_amount": null,
        "custom": "1-1",
        "notify_version": "3.80",
        "period_type": "",
        "settle_amount": null,
        "recurring": "1",
        "pending_reason": "",
        "username": "",
        "option_selection1": "",
        "option_selection2": "",
        "memo": "",
        "payer_id": "ZS2CMK4TBV3ZE",
        "flag": false,
        "mc_handling": null,
        "address_zip": "",
        "mc_fee": null,
        "payment_type": "",
        "amount1": null,
        "recurring_payment_id": "",
        "protection_eligibility": "",
        "receiver_email": "rebm01-facilitator@hotmail.co.uk",
        "tax": null,
        "updated_at": "2017-05-16T16:26:11.634Z",
        "time_created": null,
        "mc_currency": "GBP",
        "option_name1": "",
        "subscr_date": "2017-05-16T08:25:46Z",
        "option_name2": "",
        "txn_type": "subscr_signup",
        "recur_times": null,
        "auth_status": "",
        "auth_id": "",
        "rp_invoice_id": "",
        "payment_cycle": "",
        "subscr_effective": null,
        "charset": "windows-1252",
        "parent_txn_id": "",
        "handling_amount": null,
        "transaction_subject": "",
        "contact_phone": "",
        "product_name": "",
        "test_ipn": true,
        "receiver_id": "",
        "payment_date": null,
        "amount_per_cycle": null,
        "period2": "",
        "period3": "1 M",
        "period1": "",
        "verify_sign": "APvissTSNYxEsF2tvyvfCnTn10fsA0EOgLLv1IzhpelejjrM-QWQFIuL",
        "flag_code": "",
        "ipaddress": "127.0.0.1",
        "response": "VERIFIED",
        "product_type": "",
        "receipt_id": "",
        "amount3": null,
        "amount2": null,
        "next_payment_date": null,
        "mc_amount3": "30.00",
        "mc_amount2": null,
        "mc_amount1": null,
        "case_creation_date": null,
        "case_type": "",
        "quantity": null
    },
    "model": "ipn.paypalipn",
    "pk": 1
},
{
    "fields": {
        "created_at": "2017-05-16T16:26:12.305Z",
        "last_name": "buyer",
        "shipping_method": "",
        "query": "transaction_subject=30+coffees+per+month&payment_date=09%3A25%3A49+May+16%2C+2017+PDT&txn_type=subscr_payment&subscr_id=I-8S4R6ME4DT59&last_name=buyer&residence_country=GB&item_name=30+coffees+per+month&payment_gross=&mc_currency=GBP&business=rebm01-facilitator%40hotmail.co.uk&payment_type=instant&protection_eligibility=Ineligible&verify_sign=AYkfPMj3Yw-OwsXtwJg49fQYox8cAnGKVUN9Uh16X-0lBWM0TlRJwjto&payer_status=verified&test_ipn=1&payer_email=rebm01-buyer%40hotmail.co.uk&txn_id=72X96005KW538901K&receiver_email=rebm01-facilitator%40hotmail.co.uk&first_name=test&invoice=d0052e2a-ef25-420f-85c6-ed9e7fdacbf1&payer_id=ZS2CMK4TBV3ZE&receiver_id=P6SF7L2SDUSR8&payment_status=Completed&payment_fee=&mc_fee=1.22&mc_gross=30.00&custom=1-1&charset=windows-1252&notify_version=3.8&ipn_track_id=44d03ef11c661",
        "outstanding_balance": null,
        "subscr_id": "I-8S4R6ME4DT59",
        "auction_multi_item": null,
        "item_name": "30 coffees per month",
        "case_id": "",
        "mp_id": "",
        "address_name": "",
        "transaction_entity": "",
        "from_view": "",
        "auction_closing_date": null,
        "password": "",
        "auction_buyer_id": "",
        "address_country_code": "",
        "address_city": "",
        "address_status": "",
        "auth_exp": "",
        "payer_email": "rebm01-buyer@hotmail.co.uk",
        "mc_gross": "30.00",
        "reattempt": "",
        "reason_code": "",
        "remaining_settle": null,
        "invoice": "d0052e2a-ef25-420f-85c6-ed9e7fdacbf1",
        "address_state": "",
        "num_cart_items": null,
        "address_country": "",
        "payer_business_name": "",
        "first_name": "test",
        "mc_shipping": null,
        "flag_info": "",
        "for_auction": null,
        "profile_status": "",
        "item_number": "",
        "business": "rebm01-facilitator@hotmail.co.uk",
        "settle_currency": "",
        "shipping": null,
        "amount": null,
        "currency_code": "",
        "txn_id": "72X96005KW538901K",
        "payment_status": "Completed",
        "payment_gross": null,
        "retry_at": null,
        "exchange_rate": null,
        "residence_country": "GB",
        "payer_status": "verified",
        "address_street": "",
        "initial_payment_amount": null,
        "auth_amount": null,
        "custom": "1-1",
        "notify_version": "3.80",
        "period_type": "",
        "settle_amount": null,
        "recurring": "",
        "pending_reason": "",
        "username": "",
        "option_selection1": "",
        "option_selection2": "",
        "memo": "",
        "payer_id": "ZS2CMK4TBV3ZE",
        "flag": false,
        "mc_handling": null,
        "address_zip": "",
        "mc_fee": "1.22",
        "payment_type": "instant",
        "amount1": null,
        "recurring_payment_id": "",
        "protection_eligibility": "Ineligible",
        "receiver_email": "rebm01-facilitator@hotmail.co.uk",
        "tax": null,
        "updated_at": "2017-05-16T16:26:12.587Z",
        "time_created": null,
        "mc_currency": "GBP",
        "option_name1": "",
        "subscr_date": null,
        "option_name2": "",
        "txn_type": "subscr_payment",
        "recur_times": null,
        "auth_status": "",
        "auth_id": "",
        "rp_invoice_id": "",
        "payment_cycle": "",
        "subscr_effective": null,
        "charset": "windows-1252",
        "parent_txn_id": "",
        "handling_amount": null,
        "transaction_subject": "30 coffees per month",
        "contact_phone": "",
        "product_name": "",
        "test_ipn": true,
        "receiver_id": "P6SF7L2SDUSR8",
        "payment_date": "2017-05-16T08:25:49Z",
        "amount_per_cycle": null,
        "period2": "",
        "period3": "",
        "period1": "",
        "verify_sign": "AYkfPMj3Yw-OwsXtwJg49fQYox8cAnGKVUN9Uh16X-0lBWM0TlRJwjto",
        "flag_code": "",
        "ipaddress": "127.0.0.1",
        "response": "VERIFIED",
        "product_type": "",
        "receipt_id": "",
        "amount3": null,
        "amount2": null,
        "next_payment_date": null,
        "mc_amount3": null,
        "mc_amount2": null,
        "mc_amount1": null,
        "case_creation_date": null,
        "case_type": "",
        "quantity": null
    },
    "model": "ipn.paypalipn",
    "pk": 2
},
{
    "fields": {
        "created_at": "2017-05-16T16:41:18.048Z",
        "last_name": "buyer",
        "shipping_method": "",
        "query": "txn_type=subscr_signup&subscr_id=I-SGCDK05H544F&last_name=buyer&residence_country=GB&mc_currency=GBP&item_name=30+coffees+per+month&business=rebm01-facilitator%40hotmail.co.uk&recurring=1&verify_sign=AHOIUjWryIjScE4zfLPrc9IJQKqUATX1AccxfVM9AShoT1DEsczGqC32&payer_status=verified&test_ipn=1&payer_email=rebm01-buyer%40hotmail.co.uk&first_name=test&receiver_email=rebm01-facilitator%40hotmail.co.uk&payer_id=ZS2CMK4TBV3ZE&invoice=ac80ce67-6e0a-4e1d-bf70-dd53d650ed06&reattempt=1&subscr_date=09%3A40%3A09+May+16%2C+2017+PDT&custom=1-1&charset=windows-1252&notify_version=3.8&period3=1+M&mc_amount3=30.00&ipn_track_id=2e460f064dfc1",
        "outstanding_balance": null,
        "subscr_id": "I-SGCDK05H544F",
        "auction_multi_item": null,
        "item_name": "30 coffees per month",
        "case_id": "",
        "mp_id": "",
        "address_name": "",
        "transaction_entity": "",
        "from_view": "",
        "auction_closing_date": null,
        "password": "",
        "auction_buyer_id": "",
        "address_country_code": "",
        "address_city": "",
        "address_status": "",
        "auth_exp": "",
        "payer_email": "rebm01-buyer@hotmail.co.uk",
        "mc_gross": null,
        "reattempt": "1",
        "reason_code": "",
        "remaining_settle": null,
        "invoice": "ac80ce67-6e0a-4e1d-bf70-dd53d650ed06",
        "address_state": "",
        "num_cart_items": null,
        "address_country": "",
        "payer_business_name": "",
        "first_name": "test",
        "mc_shipping": null,
        "flag_info": "",
        "for_auction": null,
        "profile_status": "",
        "item_number": "",
        "business": "rebm01-facilitator@hotmail.co.uk",
        "settle_currency": "",
        "shipping": null,
        "amount": null,
        "currency_code": "",
        "txn_id": "",
        "payment_status": "",
        "payment_gross": null,
        "retry_at": null,
        "exchange_rate": null,
        "residence_country": "GB",
        "payer_status": "verified",
        "address_street": "",
        "initial_payment_amount": null,
        "auth_amount": null,
        "custom": "1-1",
        "notify_version": "3.80",
        "period_type": "",
        "settle_amount": null,
        "recurring": "1",
        "pending_reason": "",
        "username": "",
        "option_selection1": "",
        "option_selection2": "",
        "memo": "",
        "payer_id": "ZS2CMK4TBV3ZE",
        "flag": false,
        "mc_handling": null,
        "address_zip": "",
        "mc_fee": null,
        "payment_type": "",
        "amount1": null,
        "recurring_payment_id": "",
        "protection_eligibility": "",
        "receiver_email": "rebm01-facilitator@hotmail.co.uk",
        "tax": null,
        "updated_at": "2017-05-16T16:41:18.168Z",
        "time_created": null,
        "mc_currency": "GBP",
        "option_name1": "",
        "subscr_date": "2017-05-16T08:40:09Z",
        "option_name2": "",
        "txn_type": "subscr_signup",
        "recur_times": null,
        "auth_status": "",
        "auth_id": "",
        "rp_invoice_id": "",
        "payment_cycle": "",
        "subscr_effective": null,
        "charset": "windows-1252",
        "parent_txn_id": "",
        "handling_amount": null,
        "transaction_subject": "",
        "contact_phone": "",
        "product_name": "",
        "test_ipn": true,
        "receiver_id": "",
        "payment_date": null,
        "amount_per_cycle": null,
        "period2": "",
        "period3": "1 M",
        "period1": "",
        "verify_sign": "AHOIUjWryIjScE4zfLPrc9IJQKqUATX1AccxfVM9AShoT1DEsczGqC32",
        "flag_code": "",
        "ipaddress": "127.0.0.1",
        "response": "VERIFIED",
        "product_type": "",
        "receipt_id": "",
        "amount3": null,
        "amount2": null,
        "next_payment_date": null,
        "mc_amount3": "30.00",
        "mc_amount2": null,
        "mc_amount1": null,
        "case_creation_date": null,
        "case_type": "",
        "quantity": null
    },
    "model": "ipn.paypalipn",
    "pk": 3
},
{
    "fields": {
        "created_at": "2017-05-16T16:51:11.924Z",
        "last_name": "buyer",
        "shipping_method": "",
        "query": "txn_type=subscr_signup&subscr_id=I-V75SMFWTPBJ6&last_name=buyer&residence_country=GB&mc_currency=GBP&item_name=30+coffees+per+month&business=rebm01-facilitator%40hotmail.co.uk&recurring=1&verify_sign=AYkfPMj3Yw-OwsXtwJg49fQYox8cA8Rl1jplJlgq0vIMscEzn3RlhWmX&payer_status=verified&test_ipn=1&payer_email=rebm01-buyer%40hotmail.co.uk&first_name=test&receiver_email=rebm01-facilitator%40hotmail.co.uk&payer_id=ZS2CMK4TBV3ZE&invoice=48612c62-fe9b-4c0d-8f03-26134206331d&reattempt=1&subscr_date=09%3A50%3A35+May+16%2C+2017+PDT&custom=1-1&charset=windows-1252&notify_version=3.8&period3=1+M&mc_amount3=30.00&ipn_track_id=34f63a00f3492",
        "outstanding_balance": null,
        "subscr_id": "I-V75SMFWTPBJ6",
        "auction_multi_item": null,
        "item_name": "30 coffees per month",
        "case_id": "",
        "mp_id": "",
        "address_name": "",
        "transaction_entity": "",
        "from_view": "",
        "auction_closing_date": null,
        "password": "",
        "auction_buyer_id": "",
        "address_country_code": "",
        "address_city": "",
        "address_status": "",
        "auth_exp": "",
        "payer_email": "rebm01-buyer@hotmail.co.uk",
        "mc_gross": null,
        "reattempt": "1",
        "reason_code": "",
        "remaining_settle": null,
        "invoice": "48612c62-fe9b-4c0d-8f03-26134206331d",
        "address_state": "",
        "num_cart_items": null,
        "address_country": "",
        "payer_business_name": "",
        "first_name": "test",
        "mc_shipping": null,
        "flag_info": "",
        "for_auction": null,
        "profile_status": "",
        "item_number": "",
        "business": "rebm01-facilitator@hotmail.co.uk",
        "settle_currency": "",
        "shipping": null,
        "amount": null,
        "currency_code": "",
        "txn_id": "",
        "payment_status": "",
        "payment_gross": null,
        "retry_at": null,
        "exchange_rate": null,
        "residence_country": "GB",
        "payer_status": "verified",
        "address_street": "",
        "initial_payment_amount": null,
        "auth_amount": null,
        "custom": "1-1",
        "notify_version": "3.80",
        "period_type": "",
        "settle_amount": null,
        "recurring": "1",
        "pending_reason": "",
        "username": "",
        "option_selection1": "",
        "option_selection2": "",
        "memo": "",
        "payer_id": "ZS2CMK4TBV3ZE",
        "flag": false,
        "mc_handling": null,
        "address_zip": "",
        "mc_fee": null,
        "payment_type": "",
        "amount1": null,
        "recurring_payment_id": "",
        "protection_eligibility": "",
        "receiver_email": "rebm01-facilitator@hotmail.co.uk",
        "tax": null,
        "updated_at": "2017-05-16T16:51:12.069Z",
        "time_created": null,
        "mc_currency": "GBP",
        "option_name1": "",
        "subscr_date": "2017-05-16T08:50:35Z",
        "option_name2": "",
        "txn_type": "subscr_signup",
        "recur_times": null,
        "auth_status": "",
        "auth_id": "",
        "rp_invoice_id": "",
        "payment_cycle": "",
        "subscr_effective": null,
        "charset": "windows-1252",
        "parent_txn_id": "",
        "handling_amount": null,
        "transaction_subject": "",
        "contact_phone": "",
        "product_name": "",
        "test_ipn": true,
        "receiver_id": "",
        "payment_date": null,
        "amount_per_cycle": null,
        "period2": "",
        "period3": "1 M",
        "period1": "",
        "verify_sign": "AYkfPMj3Yw-OwsXtwJg49fQYox8cA8Rl1jplJlgq0vIMscEzn3RlhWmX",
        "flag_code": "",
        "ipaddress": "127.0.0.1",
        "response": "VERIFIED",
        "product_type": "",
        "receipt_id": "",
        "amount3": null,
        "amount2": null,
        "next_payment_date": null,
        "mc_amount3": "30.00",
        "mc_amount2": null,
        "mc_amount1": null,
        "case_creation_date": null,
        "case_type": "",
        "quantity": null
    },
    "model": "ipn.paypalipn",
    "pk": 4
},
{
    "fields": {
        "created_at": "2017-05-16T16:51:12.179Z",
        "last_name": "buyer",
        "shipping_method": "",
        "query": "transaction_subject=30+coffees+per+month&payment_date=09%3A50%3A37+May+16%2C+2017+PDT&txn_type=subscr_payment&subscr_id=I-V75SMFWTPBJ6&last_name=buyer&residence_country=GB&item_name=30+coffees+per+month&payment_gross=&mc_currency=GBP&business=rebm01-facilitator%40hotmail.co.uk&payment_type=instant&protection_eligibility=Ineligible&verify_sign=Aea3S-zQp8Wqw4vgMOI6c015u53PAZ.F0hML70cNAxX6KiO4eUCZfPCp&payer_status=verified&test_ipn=1&payer_email=rebm01-buyer%40hotmail.co.uk&txn_id=8JL372363K204211H&receiver_email=rebm01-facilitator%40hotmail.co.uk&first_name=test&invoice=48612c62-fe9b-4c0d-8f03-26134206331d&payer_id=ZS2CMK4TBV3ZE&receiver_id=P6SF7L2SDUSR8&payment_status=Completed&payment_fee=&mc_fee=1.22&mc_gross=30.00&custom=1-1&charset=windows-1252&notify_version=3.8&ipn_track_id=34f63a00f3492",
        "outstanding_balance": null,
        "subscr_id": "I-V75SMFWTPBJ6",
        "auction_multi_item": null,
        "item_name": "30 coffees per month",
        "case_id": "",
        "mp_id": "",
        "address_name": "",
        "transaction_entity": "",
        "from_view": "",
        "auction_closing_date": null,
        "password": "",
        "auction_buyer_id": "",
        "address_country_code": "",
        "address_city": "",
        "address_status": "",
        "auth_exp": "",
        "payer_email": "rebm01-buyer@hotmail.co.uk",
        "mc_gross": "30.00",
        "reattempt": "",
        "reason_code": "",
        "remaining_settle": null,
        "invoice": "48612c62-fe9b-4c0d-8f03-26134206331d",
        "address_state": "",
        "num_cart_items": null,
        "address_country": "",
        "payer_business_name": "",
        "first_name": "test",
        "mc_shipping": null,
        "flag_info": "",
        "for_auction": null,
        "profile_status": "",
        "item_number": "",
        "business": "rebm01-facilitator@hotmail.co.uk",
        "settle_currency": "",
        "shipping": null,
        "amount": null,
        "currency_code": "",
        "txn_id": "8JL372363K204211H",
        "payment_status": "Completed",
        "payment_gross": null,
        "retry_at": null,
        "exchange_rate": null,
        "residence_country": "GB",
        "payer_status": "verified",
        "address_street": "",
        "initial_payment_amount": null,
        "auth_amount": null,
        "custom": "1-1",
        "notify_version": "3.80",
        "period_type": "",
        "settle_amount": null,
        "recurring": "",
        "pending_reason": "",
        "username": "",
        "option_selection1": "",
        "option_selection2": "",
        "memo": "",
        "payer_id": "ZS2CMK4TBV3ZE",
        "flag": false,
        "mc_handling": null,
        "address_zip": "",
        "mc_fee": "1.22",
        "payment_type": "instant",
        "amount1": null,
        "recurring_payment_id": "",
        "protection_eligibility": "Ineligible",
        "receiver_email": "rebm01-facilitator@hotmail.co.uk",
        "tax": null,
        "updated_at": "2017-05-16T16:51:12.402Z",
        "time_created": null,
        "mc_currency": "GBP",
        "option_name1": "",
        "subscr_date": null,
        "option_name2": "",
        "txn_type": "subscr_payment",
        "recur_times": null,
        "auth_status": "",
        "auth_id": "",
        "rp_invoice_id": "",
        "payment_cycle": "",
        "subscr_effective": null,
        "charset": "windows-1252",
        "parent_txn_id": "",
        "handling_amount": null,
        "transaction_subject": "30 coffees per month",
        "contact_phone": "",
        "product_name": "",
        "test_ipn": true,
        "receiver_id": "P6SF7L2SDUSR8",
        "payment_date": "2017-05-16T08:50:37Z",
        "amount_per_cycle": null,
        "period2": "",
        "period3": "",
        "period1": "",
        "verify_sign": "Aea3S-zQp8Wqw4vgMOI6c015u53PAZ.F0hML70cNAxX6KiO4eUCZfPCp",
        "flag_code": "",
        "ipaddress": "127.0.0.1",
        "response": "VERIFIED",
        "product_type": "",
        "receipt_id": "",
        "amount3": null,
        "amount2": null,
        "next_payment_date": null,
        "mc_amount3": null,
        "mc_amount2": null,
        "mc_amount1": null,
        "case_creation_date": null,
        "case_type": "",
        "quantity": null
    },
    "model": "ipn.paypalipn",
    "pk": 5
},
{
    "fields": {
        "created_at": "2017-05-16T17:00:47.594Z",
        "last_name": "buyer",
        "shipping_method": "",
        "query": "txn_type=subscr_signup&subscr_id=I-SENJ4TL3P794&last_name=buyer&residence_country=GB&mc_currency=GBP&item_name=30+coffees+per+month&business=rebm01-facilitator%40hotmail.co.uk&recurring=1&verify_sign=AcbWFqseytCH0kp6iqkDfKKN6uanAqVIWcMF1X.bbg8zdqd8f468xK-U&payer_status=verified&test_ipn=1&payer_email=rebm01-buyer%40hotmail.co.uk&first_name=test&receiver_email=rebm01-facilitator%40hotmail.co.uk&payer_id=ZS2CMK4TBV3ZE&invoice=f35eb4da-48f6-4e3f-ab29-458075fa180e&reattempt=1&subscr_date=10%3A00%3A27+May+16%2C+2017+PDT&custom=1-1&charset=windows-1252&notify_version=3.8&period3=1+M&mc_amount3=30.00&ipn_track_id=48089d5cde0e9",
        "outstanding_balance": null,
        "subscr_id": "I-SENJ4TL3P794",
        "auction_multi_item": null,
        "item_name": "30 coffees per month",
        "case_id": "",
        "mp_id": "",
        "address_name": "",
        "transaction_entity": "",
        "from_view": "",
        "auction_closing_date": null,
        "password": "",
        "auction_buyer_id": "",
        "address_country_code": "",
        "address_city": "",
        "address_status": "",
        "auth_exp": "",
        "payer_email": "rebm01-buyer@hotmail.co.uk",
        "mc_gross": null,
        "reattempt": "1",
        "reason_code": "",
        "remaining_settle": null,
        "invoice": "f35eb4da-48f6-4e3f-ab29-458075fa180e",
        "address_state": "",
        "num_cart_items": null,
        "address_country": "",
        "payer_business_name": "",
        "first_name": "test",
        "mc_shipping": null,
        "flag_info": "",
        "for_auction": null,
        "profile_status": "",
        "item_number": "",
        "business": "rebm01-facilitator@hotmail.co.uk",
        "settle_currency": "",
        "shipping": null,
        "amount": null,
        "currency_code": "",
        "txn_id": "",
        "payment_status": "",
        "payment_gross": null,
        "retry_at": null,
        "exchange_rate": null,
        "residence_country": "GB",
        "payer_status": "verified",
        "address_street": "",
        "initial_payment_amount": null,
        "auth_amount": null,
        "custom": "1-1",
        "notify_version": "3.80",
        "period_type": "",
        "settle_amount": null,
        "recurring": "1",
        "pending_reason": "",
        "username": "",
        "option_selection1": "",
        "option_selection2": "",
        "memo": "",
        "payer_id": "ZS2CMK4TBV3ZE",
        "flag": false,
        "mc_handling": null,
        "address_zip": "",
        "mc_fee": null,
        "payment_type": "",
        "amount1": null,
        "recurring_payment_id": "",
        "protection_eligibility": "",
        "receiver_email": "rebm01-facilitator@hotmail.co.uk",
        "tax": null,
        "updated_at": "2017-05-16T17:00:47.694Z",
        "time_created": null,
        "mc_currency": "GBP",
        "option_name1": "",
        "subscr_date": "2017-05-16T09:00:27Z",
        "option_name2": "",
        "txn_type": "subscr_signup",
        "recur_times": null,
        "auth_status": "",
        "auth_id": "",
        "rp_invoice_id": "",
        "payment_cycle": "",
        "subscr_effective": null,
        "charset": "windows-1252",
        "parent_txn_id": "",
        "handling_amount": null,
        "transaction_subject": "",
        "contact_phone": "",
        "product_name": "",
        "test_ipn": true,
        "receiver_id": "",
        "payment_date": null,
        "amount_per_cycle": null,
        "period2": "",
        "period3": "1 M",
        "period1": "",
        "verify_sign": "AcbWFqseytCH0kp6iqkDfKKN6uanAqVIWcMF1X.bbg8zdqd8f468xK-U",
        "flag_code": "",
        "ipaddress": "127.0.0.1",
        "response": "VERIFIED",
        "product_type": "",
        "receipt_id": "",
        "amount3": null,
        "amount2": null,
        "next_payment_date": null,
        "mc_amount3": "30.00",
        "mc_amount2": null,
        "mc_amount1": null,
        "case_creation_date": null,
        "case_type": "",
        "quantity": null
    },
    "model": "ipn.paypalipn",
    "pk": 6
},
{
    "fields": {
        "created_at": "2017-05-16T17:01:18.210Z",
        "last_name": "buyer",
        "shipping_method": "",
        "query": "transaction_subject=30+coffees+per+month&payment_date=10%3A00%3A29+May+16%2C+2017+PDT&txn_type=subscr_payment&subscr_id=I-SENJ4TL3P794&last_name=buyer&residence_country=GB&item_name=30+coffees+per+month&payment_gross=&mc_currency=GBP&business=rebm01-facilitator%40hotmail.co.uk&payment_type=instant&protection_eligibility=Ineligible&verify_sign=Ai1PaghZh5FmBLCDCTQpwG8jB264AfyqllY-Kjr8MO7hSIH1mVECXOIn&payer_status=verified&test_ipn=1&payer_email=rebm01-buyer%40hotmail.co.uk&txn_id=934161867A5251835&receiver_email=rebm01-facilitator%40hotmail.co.uk&first_name=test&invoice=f35eb4da-48f6-4e3f-ab29-458075fa180e&payer_id=ZS2CMK4TBV3ZE&receiver_id=P6SF7L2SDUSR8&payment_status=Completed&payment_fee=&mc_fee=1.22&mc_gross=30.00&custom=1-1&charset=windows-1252&notify_version=3.8&ipn_track_id=48089d5cde0e9",
        "outstanding_balance": null,
        "subscr_id": "I-SENJ4TL3P794",
        "auction_multi_item": null,
        "item_name": "30 coffees per month",
        "case_id": "",
        "mp_id": "",
        "address_name": "",
        "transaction_entity": "",
        "from_view": "",
        "auction_closing_date": null,
        "password": "",
        "auction_buyer_id": "",
        "address_country_code": "",
        "address_city": "",
        "address_status": "",
        "auth_exp": "",
        "payer_email": "rebm01-buyer@hotmail.co.uk",
        "mc_gross": "30.00",
        "reattempt": "",
        "reason_code": "",
        "remaining_settle": null,
        "invoice": "f35eb4da-48f6-4e3f-ab29-458075fa180e",
        "address_state": "",
        "num_cart_items": null,
        "address_country": "",
        "payer_business_name": "",
        "first_name": "test",
        "mc_shipping": null,
        "flag_info": "",
        "for_auction": null,
        "profile_status": "",
        "item_number": "",
        "business": "rebm01-facilitator@hotmail.co.uk",
        "settle_currency": "",
        "shipping": null,
        "amount": null,
        "currency_code": "",
        "txn_id": "934161867A5251835",
        "payment_status": "Completed",
        "payment_gross": null,
        "retry_at": null,
        "exchange_rate": null,
        "residence_country": "GB",
        "payer_status": "verified",
        "address_street": "",
        "initial_payment_amount": null,
        "auth_amount": null,
        "custom": "1-1",
        "notify_version": "3.80",
        "period_type": "",
        "settle_amount": null,
        "recurring": "",
        "pending_reason": "",
        "username": "",
        "option_selection1": "",
        "option_selection2": "",
        "memo": "",
        "payer_id": "ZS2CMK4TBV3ZE",
        "flag": false,
        "mc_handling": null,
        "address_zip": "",
        "mc_fee": "1.22",
        "payment_type": "instant",
        "amount1": null,
        "recurring_payment_id": "",
        "protection_eligibility": "Ineligible",
        "receiver_email": "rebm01-facilitator@hotmail.co.uk",
        "tax": null,
        "updated_at": "2017-05-16T17:01:18.365Z",
        "time_created": null,
        "mc_currency": "GBP",
        "option_name1": "",
        "subscr_date": null,
        "option_name2": "",
        "txn_type": "subscr_payment",
        "recur_times": null,
        "auth_status": "",
        "auth_id": "",
        "rp_invoice_id": "",
        "payment_cycle": "",
        "subscr_effective": null,
        "charset": "windows-1252",
        "parent_txn_id": "",
        "handling_amount": null,
        "transaction_subject": "30 coffees per month",
        "contact_phone": "",
        "product_name": "",
        "test_ipn": true,
        "receiver_id": "P6SF7L2SDUSR8",
        "payment_date": "2017-05-16T09:00:29Z",
        "amount_per_cycle": null,
        "period2": "",
        "period3": "",
        "period1": "",
        "verify_sign": "Ai1PaghZh5FmBLCDCTQpwG8jB264AfyqllY-Kjr8MO7hSIH1mVECXOIn",
        "flag_code": "",
        "ipaddress": "127.0.0.1",
        "response": "VERIFIED",
        "product_type": "",
        "receipt_id": "",
        "amount3": null,
        "amount2": null,
        "next_payment_date": null,
        "mc_amount3": null,
        "mc_amount2": null,
        "mc_amount1": null,
        "case_creation_date": null,
        "case_type": "",
        "quantity": null
    },
    "model": "ipn.paypalipn",
    "pk": 7
},
{
    "fields": {
        "created_at": "2017-05-16T18:17:17.566Z",
        "last_name": "buyer",
        "shipping_method": "",
        "query": "transaction_subject=30+coffees+per+month&payment_date=11%3A16%3A42+May+16%2C+2017+PDT&txn_type=subscr_payment&subscr_id=I-YF50UY0PU2HB&last_name=buyer&residence_country=GB&item_name=30+coffees+per+month&payment_gross=&mc_currency=GBP&business=rebm01-facilitator%40hotmail.co.uk&payment_type=instant&protection_eligibility=Ineligible&verify_sign=ACUe-E7Hjxmeel8FjYAtjnx-yjHAAWNY8Ak1WZAIJ9m5nYGf6WECiHi1&payer_status=verified&test_ipn=1&payer_email=rebm01-buyer%40hotmail.co.uk&txn_id=8W005668XN804035B&receiver_email=rebm01-facilitator%40hotmail.co.uk&first_name=test&invoice=858ee793-dd72-464c-9c03-d575ab5f463d&payer_id=ZS2CMK4TBV3ZE&receiver_id=P6SF7L2SDUSR8&payment_status=Completed&payment_fee=&mc_fee=1.22&mc_gross=30.00&custom=1-1&charset=windows-1252&notify_version=3.8&ipn_track_id=96dbda47a5df0",
        "outstanding_balance": null,
        "subscr_id": "I-YF50UY0PU2HB",
        "auction_multi_item": null,
        "item_name": "30 coffees per month",
        "case_id": "",
        "mp_id": "",
        "address_name": "",
        "transaction_entity": "",
        "from_view": "",
        "auction_closing_date": null,
        "password": "",
        "auction_buyer_id": "",
        "address_country_code": "",
        "address_city": "",
        "address_status": "",
        "auth_exp": "",
        "payer_email": "rebm01-buyer@hotmail.co.uk",
        "mc_gross": "30.00",
        "reattempt": "",
        "reason_code": "",
        "remaining_settle": null,
        "invoice": "858ee793-dd72-464c-9c03-d575ab5f463d",
        "address_state": "",
        "num_cart_items": null,
        "address_country": "",
        "payer_business_name": "",
        "first_name": "test",
        "mc_shipping": null,
        "flag_info": "",
        "for_auction": null,
        "profile_status": "",
        "item_number": "",
        "business": "rebm01-facilitator@hotmail.co.uk",
        "settle_currency": "",
        "shipping": null,
        "amount": null,
        "currency_code": "",
        "txn_id": "8W005668XN804035B",
        "payment_status": "Completed",
        "payment_gross": null,
        "retry_at": null,
        "exchange_rate": null,
        "residence_country": "GB",
        "payer_status": "verified",
        "address_street": "",
        "initial_payment_amount": null,
        "auth_amount": null,
        "custom": "1-1",
        "notify_version": "3.80",
        "period_type": "",
        "settle_amount": null,
        "recurring": "",
        "pending_reason": "",
        "username": "",
        "option_selection1": "",
        "option_selection2": "",
        "memo": "",
        "payer_id": "ZS2CMK4TBV3ZE",
        "flag": false,
        "mc_handling": null,
        "address_zip": "",
        "mc_fee": "1.22",
        "payment_type": "instant",
        "amount1": null,
        "recurring_payment_id": "",
        "protection_eligibility": "Ineligible",
        "receiver_email": "rebm01-facilitator@hotmail.co.uk",
        "tax": null,
        "updated_at": "2017-05-16T18:17:17.704Z",
        "time_created": null,
        "mc_currency": "GBP",
        "option_name1": "",
        "subscr_date": null,
        "option_name2": "",
        "txn_type": "subscr_payment",
        "recur_times": null,
        "auth_status": "",
        "auth_id": "",
        "rp_invoice_id": "",
        "payment_cycle": "",
        "subscr_effective": null,
        "charset": "windows-1252",
        "parent_txn_id": "",
        "handling_amount": null,
        "transaction_subject": "30 coffees per month",
        "contact_phone": "",
        "product_name": "",
        "test_ipn": true,
        "receiver_id": "P6SF7L2SDUSR8",
        "payment_date": "2017-05-16T10:16:42Z",
        "amount_per_cycle": null,
        "period2": "",
        "period3": "",
        "period1": "",
        "verify_sign": "ACUe-E7Hjxmeel8FjYAtjnx-yjHAAWNY8Ak1WZAIJ9m5nYGf6WECiHi1",
        "flag_code": "",
        "ipaddress": "127.0.0.1",
        "response": "VERIFIED",
        "product_type": "",
        "receipt_id": "",
        "amount3": null,
        "amount2": null,
        "next_payment_date": null,
        "mc_amount3": null,
        "mc_amount2": null,
        "mc_amount1": null,
        "case_creation_date": null,
        "case_type": "",
        "quantity": null
    },
    "model": "ipn.paypalipn",
    "pk": 8
},
{
    "fields": {
        "created_at": "2017-05-16T18:17:17.588Z",
        "last_name": "buyer",
        "shipping_method": "",
        "query": "txn_type=subscr_signup&subscr_id=I-YF50UY0PU2HB&last_name=buyer&residence_country=GB&mc_currency=GBP&item_name=30+coffees+per+month&business=rebm01-facilitator%40hotmail.co.uk&recurring=1&verify_sign=AiPC9BjkCyDFQXbSkoZcgqH3hpacAXKEZNn1DazHrxYQL9Q.kGRQTSE-&payer_status=verified&test_ipn=1&payer_email=rebm01-buyer%40hotmail.co.uk&first_name=test&receiver_email=rebm01-facilitator%40hotmail.co.uk&payer_id=ZS2CMK4TBV3ZE&invoice=858ee793-dd72-464c-9c03-d575ab5f463d&reattempt=1&subscr_date=11%3A16%3A39+May+16%2C+2017+PDT&custom=1-1&charset=windows-1252&notify_version=3.8&period3=1+M&mc_amount3=30.00&ipn_track_id=96dbda47a5df0",
        "outstanding_balance": null,
        "subscr_id": "I-YF50UY0PU2HB",
        "auction_multi_item": null,
        "item_name": "30 coffees per month",
        "case_id": "",
        "mp_id": "",
        "address_name": "",
        "transaction_entity": "",
        "from_view": "",
        "auction_closing_date": null,
        "password": "",
        "auction_buyer_id": "",
        "address_country_code": "",
        "address_city": "",
        "address_status": "",
        "auth_exp": "",
        "payer_email": "rebm01-buyer@hotmail.co.uk",
        "mc_gross": null,
        "reattempt": "1",
        "reason_code": "",
        "remaining_settle": null,
        "invoice": "858ee793-dd72-464c-9c03-d575ab5f463d",
        "address_state": "",
        "num_cart_items": null,
        "address_country": "",
        "payer_business_name": "",
        "first_name": "test",
        "mc_shipping": null,
        "flag_info": "",
        "for_auction": null,
        "profile_status": "",
        "item_number": "",
        "business": "rebm01-facilitator@hotmail.co.uk",
        "settle_currency": "",
        "shipping": null,
        "amount": null,
        "currency_code": "",
        "txn_id": "",
        "payment_status": "",
        "payment_gross": null,
        "retry_at": null,
        "exchange_rate": null,
        "residence_country": "GB",
        "payer_status": "verified",
        "address_street": "",
        "initial_payment_amount": null,
        "auth_amount": null,
        "custom": "1-1",
        "notify_version": "3.80",
        "period_type": "",
        "settle_amount": null,
        "recurring": "1",
        "pending_reason": "",
        "username": "",
        "option_selection1": "",
        "option_selection2": "",
        "memo": "",
        "payer_id": "ZS2CMK4TBV3ZE",
        "flag": false,
        "mc_handling": null,
        "address_zip": "",
        "mc_fee": null,
        "payment_type": "",
        "amount1": null,
        "recurring_payment_id": "",
        "protection_eligibility": "",
        "receiver_email": "rebm01-facilitator@hotmail.co.uk",
        "tax": null,
        "updated_at": "2017-05-16T18:17:18.056Z",
        "time_created": null,
        "mc_currency": "GBP",
        "option_name1": "",
        "subscr_date": "2017-05-16T10:16:39Z",
        "option_name2": "",
        "txn_type": "subscr_signup",
        "recur_times": null,
        "auth_status": "",
        "auth_id": "",
        "rp_invoice_id": "",
        "payment_cycle": "",
        "subscr_effective": null,
        "charset": "windows-1252",
        "parent_txn_id": "",
        "handling_amount": null,
        "transaction_subject": "",
        "contact_phone": "",
        "product_name": "",
        "test_ipn": true,
        "receiver_id": "",
        "payment_date": null,
        "amount_per_cycle": null,
        "period2": "",
        "period3": "1 M",
        "period1": "",
        "verify_sign": "AiPC9BjkCyDFQXbSkoZcgqH3hpacAXKEZNn1DazHrxYQL9Q.kGRQTSE-",
        "flag_code": "",
        "ipaddress": "127.0.0.1",
        "response": "VERIFIED",
        "product_type": "",
        "receipt_id": "",
        "amount3": null,
        "amount2": null,
        "next_payment_date": null,
        "mc_amount3": "30.00",
        "mc_amount2": null,
        "mc_amount1": null,
        "case_creation_date": null,
        "case_type": "",
        "quantity": null
    },
    "model": "ipn.paypalipn",
    "pk": 9
},
{
    "fields": {
        "created_at": "2017-05-16T18:20:07.170Z",
        "last_name": "buyer",
        "shipping_method": "",
        "query": "txn_type=subscr_signup&subscr_id=I-GLGNYBCAFLWX&last_name=buyer&residence_country=GB&mc_currency=GBP&item_name=30+coffees+per+month&business=rebm01-facilitator%40hotmail.co.uk&recurring=1&verify_sign=A2S1fniRGsoquzRDbs4f5rc383f8AqBDhgXafCcyh5XwaNSBoe862VYS&payer_status=verified&test_ipn=1&payer_email=rebm01-buyer%40hotmail.co.uk&first_name=test&receiver_email=rebm01-facilitator%40hotmail.co.uk&payer_id=ZS2CMK4TBV3ZE&invoice=dab2a243-12c4-4842-9113-eeb04d73de98&reattempt=1&subscr_date=11%3A19%3A00+May+16%2C+2017+PDT&custom=1-1&charset=windows-1252&notify_version=3.8&period3=1+M&mc_amount3=30.00&ipn_track_id=2db11e38dfdd",
        "outstanding_balance": null,
        "subscr_id": "I-GLGNYBCAFLWX",
        "auction_multi_item": null,
        "item_name": "30 coffees per month",
        "case_id": "",
        "mp_id": "",
        "address_name": "",
        "transaction_entity": "",
        "from_view": "",
        "auction_closing_date": null,
        "password": "",
        "auction_buyer_id": "",
        "address_country_code": "",
        "address_city": "",
        "address_status": "",
        "auth_exp": "",
        "payer_email": "rebm01-buyer@hotmail.co.uk",
        "mc_gross": null,
        "reattempt": "1",
        "reason_code": "",
        "remaining_settle": null,
        "invoice": "dab2a243-12c4-4842-9113-eeb04d73de98",
        "address_state": "",
        "num_cart_items": null,
        "address_country": "",
        "payer_business_name": "",
        "first_name": "test",
        "mc_shipping": null,
        "flag_info": "",
        "for_auction": null,
        "profile_status": "",
        "item_number": "",
        "business": "rebm01-facilitator@hotmail.co.uk",
        "settle_currency": "",
        "shipping": null,
        "amount": null,
        "currency_code": "",
        "txn_id": "",
        "payment_status": "",
        "payment_gross": null,
        "retry_at": null,
        "exchange_rate": null,
        "residence_country": "GB",
        "payer_status": "verified",
        "address_street": "",
        "initial_payment_amount": null,
        "auth_amount": null,
        "custom": "1-1",
        "notify_version": "3.80",
        "period_type": "",
        "settle_amount": null,
        "recurring": "1",
        "pending_reason": "",
        "username": "",
        "option_selection1": "",
        "option_selection2": "",
        "memo": "",
        "payer_id": "ZS2CMK4TBV3ZE",
        "flag": false,
        "mc_handling": null,
        "address_zip": "",
        "mc_fee": null,
        "payment_type": "",
        "amount1": null,
        "recurring_payment_id": "",
        "protection_eligibility": "",
        "receiver_email": "rebm01-facilitator@hotmail.co.uk",
        "tax": null,
        "updated_at": "2017-05-16T18:20:07.287Z",
        "time_created": null,
        "mc_currency": "GBP",
        "option_name1": "",
        "subscr_date": "2017-05-16T10:19:00Z",
        "option_name2": "",
        "txn_type": "subscr_signup",
        "recur_times": null,
        "auth_status": "",
        "auth_id": "",
        "rp_invoice_id": "",
        "payment_cycle": "",
        "subscr_effective": null,
        "charset": "windows-1252",
        "parent_txn_id": "",
        "handling_amount": null,
        "transaction_subject": "",
        "contact_phone": "",
        "product_name": "",
        "test_ipn": true,
        "receiver_id": "",
        "payment_date": null,
        "amount_per_cycle": null,
        "period2": "",
        "period3": "1 M",
        "period1": "",
        "verify_sign": "A2S1fniRGsoquzRDbs4f5rc383f8AqBDhgXafCcyh5XwaNSBoe862VYS",
        "flag_code": "",
        "ipaddress": "127.0.0.1",
        "response": "VERIFIED",
        "product_type": "",
        "receipt_id": "",
        "amount3": null,
        "amount2": null,
        "next_payment_date": null,
        "mc_amount3": "30.00",
        "mc_amount2": null,
        "mc_amount1": null,
        "case_creation_date": null,
        "case_type": "",
        "quantity": null
    },
    "model": "ipn.paypalipn",
    "pk": 10
},
{
    "fields": {
        "created_at": "2017-05-16T18:20:07.387Z",
        "last_name": "buyer",
        "shipping_method": "",
        "query": "transaction_subject=30+coffees+per+month&payment_date=11%3A19%3A05+May+16%2C+2017+PDT&txn_type=subscr_payment&subscr_id=I-GLGNYBCAFLWX&last_name=buyer&residence_country=GB&item_name=30+coffees+per+month&payment_gross=&mc_currency=GBP&business=rebm01-facilitator%40hotmail.co.uk&payment_type=instant&protection_eligibility=Ineligible&verify_sign=AQU0e5vuZCvSg-XJploSa.sGUDlpAUs.R29-knErvYiyDAlAkLuWOOQx&payer_status=verified&test_ipn=1&payer_email=rebm01-buyer%40hotmail.co.uk&txn_id=1UY7548755663232F&receiver_email=rebm01-facilitator%40hotmail.co.uk&first_name=test&invoice=dab2a243-12c4-4842-9113-eeb04d73de98&payer_id=ZS2CMK4TBV3ZE&receiver_id=P6SF7L2SDUSR8&payment_status=Completed&payment_fee=&mc_fee=1.22&mc_gross=30.00&custom=1-1&charset=windows-1252&notify_version=3.8&ipn_track_id=2db11e38dfdd",
        "outstanding_balance": null,
        "subscr_id": "I-GLGNYBCAFLWX",
        "auction_multi_item": null,
        "item_name": "30 coffees per month",
        "case_id": "",
        "mp_id": "",
        "address_name": "",
        "transaction_entity": "",
        "from_view": "",
        "auction_closing_date": null,
        "password": "",
        "auction_buyer_id": "",
        "address_country_code": "",
        "address_city": "",
        "address_status": "",
        "auth_exp": "",
        "payer_email": "rebm01-buyer@hotmail.co.uk",
        "mc_gross": "30.00",
        "reattempt": "",
        "reason_code": "",
        "remaining_settle": null,
        "invoice": "dab2a243-12c4-4842-9113-eeb04d73de98",
        "address_state": "",
        "num_cart_items": null,
        "address_country": "",
        "payer_business_name": "",
        "first_name": "test",
        "mc_shipping": null,
        "flag_info": "",
        "for_auction": null,
        "profile_status": "",
        "item_number": "",
        "business": "rebm01-facilitator@hotmail.co.uk",
        "settle_currency": "",
        "shipping": null,
        "amount": null,
        "currency_code": "",
        "txn_id": "1UY7548755663232F",
        "payment_status": "Completed",
        "payment_gross": null,
        "retry_at": null,
        "exchange_rate": null,
        "residence_country": "GB",
        "payer_status": "verified",
        "address_street": "",
        "initial_payment_amount": null,
        "auth_amount": null,
        "custom": "1-1",
        "notify_version": "3.80",
        "period_type": "",
        "settle_amount": null,
        "recurring": "",
        "pending_reason": "",
        "username": "",
        "option_selection1": "",
        "option_selection2": "",
        "memo": "",
        "payer_id": "ZS2CMK4TBV3ZE",
        "flag": false,
        "mc_handling": null,
        "address_zip": "",
        "mc_fee": "1.22",
        "payment_type": "instant",
        "amount1": null,
        "recurring_payment_id": "",
        "protection_eligibility": "Ineligible",
        "receiver_email": "rebm01-facilitator@hotmail.co.uk",
        "tax": null,
        "updated_at": "2017-05-16T18:20:07.593Z",
        "time_created": null,
        "mc_currency": "GBP",
        "option_name1": "",
        "subscr_date": null,
        "option_name2": "",
        "txn_type": "subscr_payment",
        "recur_times": null,
        "auth_status": "",
        "auth_id": "",
        "rp_invoice_id": "",
        "payment_cycle": "",
        "subscr_effective": null,
        "charset": "windows-1252",
        "parent_txn_id": "",
        "handling_amount": null,
        "transaction_subject": "30 coffees per month",
        "contact_phone": "",
        "product_name": "",
        "test_ipn": true,
        "receiver_id": "P6SF7L2SDUSR8",
        "payment_date": "2017-05-16T10:19:05Z",
        "amount_per_cycle": null,
        "period2": "",
        "period3": "",
        "period1": "",
        "verify_sign": "AQU0e5vuZCvSg-XJploSa.sGUDlpAUs.R29-knErvYiyDAlAkLuWOOQx",
        "flag_code": "",
        "ipaddress": "127.0.0.1",
        "response": "VERIFIED",
        "product_type": "",
        "receipt_id": "",
        "amount3": null,
        "amount2": null,
        "next_payment_date": null,
        "mc_amount3": null,
        "mc_amount2": null,
        "mc_amount1": null,
        "case_creation_date": null,
        "case_type": "",
        "quantity": null
    },
    "model": "ipn.paypalipn",
    "pk": 11
},
{
    "fields": {
        "price": "30.00",
        "name": "30 coffees per month",
        "description": "Enjoy 30 Coffees per month: 7-8 Coffees per week"
    },
    "model": "coffees.coffee",
    "pk": 1
},
{
    "fields": {
        "price": "27.00",
        "name": "25 Coffees per month",
        "description": "Enjoy 25 Coffees per month: 6-7 Coffees per week"
    },
    "model": "coffees.coffee",
    "pk": 2
},
{
    "fields": {
        "price": "25.00",
        "name": "20 Coffees per month ",
        "description": "Enjoy 20 Coffees per month: 5 Coffees per week"
    },
    "model": "coffees.coffee",
    "pk": 3
},
{
    "fields": {
        "price": "23.00",
        "name": "15 Coffees per month",
        "description": "Enjoy 15 Coffees per month: 3-4 Coffees per week"
    },
    "model": "coffees.coffee",
    "pk": 4
},
{
    "fields": {
        "price": "20.00",
        "name": "10 Coffees per month",
        "description": "Enjoy 10 Coffees per month: 2-3 Coffees per week"
    },
    "model": "coffees.coffee",
    "pk": 5
},
{
    "fields": {
        "coffee": 1,
        "user": [
            "rebm01@hotmail.co.uk"
        ],
        "subscription_end": "2017-06-13T17:00:47.793Z"
    },
    "model": "coffees.purchase",
    "pk": 6
},
{
    "fields": {
        "coffee": 1,
        "user": [
            "rebm01@hotmail.co.uk"
        ],
        "subscription_end": "2017-06-13T17:01:18.467Z"
    },
    "model": "coffees.purchase",
    "pk": 7
},
{
    "fields": {
        "coffee": 1,
        "user": [
            "rebm01@hotmail.co.uk"
        ],
        "subscription_end": "2017-06-13T18:17:17.792Z"
    },
    "model": "coffees.purchase",
    "pk": 8
},
{
    "fields": {
        "coffee": 1,
        "user": [
            "rebm01@hotmail.co.uk"
        ],
        "subscription_end": "2017-06-13T18:17:18.148Z"
    },
    "model": "coffees.purchase",
    "pk": 9
},
{
    "fields": {
        "coffee": 1,
        "user": [
            "rebm01@hotmail.co.uk"
        ],
        "subscription_end": "2017-06-13T18:20:07.382Z"
    },
    "model": "coffees.purchase",
    "pk": 10
},
{
    "fields": {
        "coffee": 1,
        "user": [
            "rebm01@hotmail.co.uk"
        ],
        "subscription_end": "2017-06-13T18:20:07.721Z"
    },
    "model": "coffees.purchase",
    "pk": 11
},
{
    "fields": {
        "name": "FAQs",
        "description": "<p>Find frequently asked questions or ask your own</p>"
    },
    "model": "threads.subject",
    "pk": 1
},
{
    "fields": {
        "name": "Announcements",
        "description": "<p>All your latest <strong>Starbex</strong> announcements updated weekly</p>"
    },
    "model": "threads.subject",
    "pk": 2
},
{
    "fields": {
        "name": "Daily Coffee Routine",
        "description": "<p>Compare and talk about your daily coffee routines</p>"
    },
    "model": "threads.subject",
    "pk": 3
},
{
    "fields": {
        "name": "Coffee Recipes",
        "description": "<p>Share and compare Coffee recipes and tips with your <strong>Starbex</strong> pals</p>"
    },
    "model": "threads.subject",
    "pk": 4
},
{
    "fields": {
        "name": "Beans",
        "description": "<p>Dicuss your favourite beans &amp; the basis for any coffee</p>"
    },
    "model": "threads.subject",
    "pk": 5
},
{
    "fields": {
        "name": "Brewed Coffee",
        "description": "<p>Talk about your brewed coffee and brewing methods</p>"
    },
    "model": "threads.subject",
    "pk": 6
},
{
    "fields": {
        "name": "Barista Skills",
        "description": "<p>Improve and share your techniques&nbsp;</p>"
    },
    "model": "threads.subject",
    "pk": 7
},
{
    "fields": {
        "name": "Equipment Reviews",
        "description": "<p>Feedback &amp; advice on different coffee making equipment</p>"
    },
    "model": "threads.subject",
    "pk": 8
},
{
    "fields": {
        "name": "Buy/Sell Equipment",
        "description": "<p>Buy or Sell your coffee related items</p>"
    },
    "model": "threads.subject",
    "pk": 9
},
{
    "fields": {
        "name": "Tea Lounge",
        "description": "<p>Give Coffee a rest &amp; join some general Tea discussion</p>"
    },
    "model": "threads.subject",
    "pk": 10
},
{
    "fields": {
        "name": "Coffee Lounge",
        "description": "<p>General Discussions</p>"
    },
    "model": "threads.subject",
    "pk": 11
},
{
    "fields": {
        "name": "Off-Topic",
        "description": "<p>Bored of Coffee? Discuss non-coffee related subjects here</p>"
    },
    "model": "threads.subject",
    "pk": 12
},
{
    "fields": {
        "name": "New Members Section",
        "description": "<p>Helpful information to get you started</p>"
    },
    "model": "threads.subject",
    "pk": 13
},
{
    "fields": {
        "created_at": "2017-05-29T09:13:02Z",
        "subject": 13,
        "name": "Introductions",
        "user": [
            "rebm01@hotmail.co.uk"
        ]
    },
    "model": "threads.thread",
    "pk": 4
},
{
    "fields": {
        "created_at": "2017-05-29T09:15:07Z",
        "subject": 13,
        "name": "General Start Up Questions",
        "user": [
            "rebm01@hotmail.co.uk"
        ]
    },
    "model": "threads.thread",
    "pk": 5
},
{
    "fields": {
        "created_at": "2017-05-29T09:15:34Z",
        "subject": 13,
        "name": "Guide To The Website",
        "user": [
            "rebm01@hotmail.co.uk"
        ]
    },
    "model": "threads.thread",
    "pk": 6
},
{
    "fields": {
        "created_at": "2017-05-29T09:17:09Z",
        "subject": 12,
        "name": "Dog Lovers",
        "user": [
            "rebm01@hotmail.co.uk"
        ]
    },
    "model": "threads.thread",
    "pk": 8
},
{
    "fields": {
        "created_at": "2017-05-29T09:17:58Z",
        "subject": 12,
        "name": "Jokes",
        "user": [
            "rebm01@hotmail.co.uk"
        ]
    },
    "model": "threads.thread",
    "pk": 10
},
{
    "fields": {
        "created_at": "2017-05-29T09:25:14.519Z",
        "subject": 12,
        "name": "Favorite Books to Read",
        "user": [
            "rebm01@hotmail.co.uk"
        ]
    },
    "model": "threads.thread",
    "pk": 12
},
{
    "fields": {
        "created_at": "2017-05-29T09:29:08.445Z",
        "subject": 12,
        "name": "Best Local Walk Trails",
        "user": [
            "rebm01@hotmail.co.uk"
        ]
    },
    "model": "threads.thread",
    "pk": 13
},
{
    "fields": {
        "created_at": "2017-05-29T09:44:05.937Z",
        "subject": 13,
        "name": "Signing Up Feedback",
        "user": [
            "rebm01@hotmail.co.uk"
        ]
    },
    "model": "threads.thread",
    "pk": 14
},
{
    "fields": {
        "created_at": "2017-05-29T09:47:43.357Z",
        "subject": 12,
        "name": "Top Movies",
        "user": [
            "rebm01@hotmail.co.uk"
        ]
    },
    "model": "threads.thread",
    "pk": 15
},
{
    "fields": {
        "created_at": "2017-05-29T09:50:39.965Z",
        "subject": 11,
        "name": "What makes a coffee bad?",
        "user": [
            "rebm01@hotmail.co.uk"
        ]
    },
    "model": "threads.thread",
    "pk": 16
},
{
    "fields": {
        "created_at": "2017-05-29T10:05:27.737Z",
        "subject": 10,
        "name": "Favorite Tea?",
        "user": [
            "rebm01@hotmail.co.uk"
        ]
    },
    "model": "threads.thread",
    "pk": 17
},
{
    "fields": {
        "created_at": "2017-05-29T10:06:03Z",
        "subject": 7,
        "name": "Latte Art",
        "user": [
            "rebm01@hotmail.co.uk"
        ]
    },
    "model": "threads.thread",
    "pk": 18
},
{
    "fields": {
        "created_at": "2017-05-29T10:06:17Z",
        "subject": 7,
        "name": "Perfect Foamed Milk",
        "user": [
            "rebm01@hotmail.co.uk"
        ]
    },
    "model": "threads.thread",
    "pk": 19
},
{
    "fields": {
        "created_at": "2017-05-29T10:06:46Z",
        "subject": 2,
        "name": "29-05-17",
        "user": [
            "rebm01@hotmail.co.uk"
        ]
    },
    "model": "threads.thread",
    "pk": 20
},
{
    "fields": {
        "created_at": "2017-05-29T10:08:19Z",
        "subject": 1,
        "name": "Ran out of Coffees for the month?",
        "user": [
            "rebm01@hotmail.co.uk"
        ]
    },
    "model": "threads.thread",
    "pk": 21
},
{
    "fields": {
        "created_at": "2017-05-29T10:09:23Z",
        "subject": 1,
        "name": "Can't delete my account",
        "user": [
            "connormale@hotmail.co.uk"
        ]
    },
    "model": "threads.thread",
    "pk": 22
},
{
    "fields": {
        "created_at": "2017-05-29T10:09:51Z",
        "subject": 1,
        "name": "I would like to change subscription",
        "user": [
            "rebm01@hotmail.co.uk"
        ]
    },
    "model": "threads.thread",
    "pk": 23
},
{
    "fields": {
        "created_at": "2017-06-05T10:16:20Z",
        "subject": 2,
        "name": "05-06-17",
        "user": [
            "rebm01@hotmail.co.uk"
        ]
    },
    "model": "threads.thread",
    "pk": 24
},
{
    "fields": {
        "created_at": "2017-05-29T10:23:03.913Z",
        "subject": 3,
        "name": "How many Coffees should you have a day?",
        "user": [
            "rebm01@hotmail.co.uk"
        ]
    },
    "model": "threads.thread",
    "pk": 25
},
{
    "fields": {
        "created_at": "2017-05-29T10:23:49Z",
        "subject": 9,
        "name": "Wanted - Please post contact email",
        "user": [
            "rebm01@hotmail.co.uk"
        ]
    },
    "model": "threads.thread",
    "pk": 26
},
{
    "fields": {
        "created_at": "2017-05-29T10:24:01Z",
        "subject": 9,
        "name": "Selling - Please post contact email",
        "user": [
            "rebm01@hotmail.co.uk"
        ]
    },
    "model": "threads.thread",
    "pk": 27
},
{
    "fields": {
        "created_at": "2017-05-29T10:24:54Z",
        "subject": 9,
        "name": "Swap - Please post contact email",
        "user": [
            "rebm01@hotmail.co.uk"
        ]
    },
    "model": "threads.thread",
    "pk": 28
},
{
    "fields": {
        "created_at": "2017-05-29T11:29:36Z",
        "subject": 1,
        "name": "Forgotten Password",
        "user": [
            "rebm01@hotmail.co.uk"
        ]
    },
    "model": "threads.thread",
    "pk": 29
},
{
    "fields": {
        "comment": "<p>A lot of things can make a coffee bad. The Barista&nbsp;is key to getting the right foam of milk for the specific coffee. Most importantly the bean adds the key flavouring so make sure it's roasted correctly!</p>",
        "created_at": "2017-05-29T09:53:19.996Z",
        "user": [
            "rebm01@hotmail.co.uk"
        ],
        "thread": 16
    },
    "model": "threads.post",
    "pk": 14
},
{
    "fields": {
        "comment": "<p style=\"text-align: center;\">This Thursday come and join us for some live music from your local Swing Jive band.</p>\r\n<p style=\"text-align: center;\">******************</p>\r\n<p style=\"text-align: center;\">6pm-10pm</p>\r\n<p style=\"text-align: center;\">*********</p>\r\n<p style=\"text-align: center;\">https://bmanning1.github.io/swing-jive</p>\r\n<p style=\"text-align: center;\">*****************</p>",
        "created_at": "2017-05-29T10:15:12.779Z",
        "user": [
            "rebm01@hotmail.co.uk"
        ],
        "thread": 20
    },
    "model": "threads.post",
    "pk": 16
},
{
    "fields": {
        "comment": "<p>Come and join us this Saturday lunch for a Talk and Meet &amp; Greet from the future president of America</p>\r\n<p style=\"text-align: center;\">*****************</p>\r\n<p style=\"text-align: center;\">12pm-3pm</p>\r\n<p style=\"text-align: center;\">************</p>\r\n<p style=\"text-align: center;\">gentle-everglades-57779.herokuapp.com</p>\r\n<p style=\"text-align: center;\">*******************</p>",
        "created_at": "2017-05-29T10:18:54.202Z",
        "user": [
            "rebm01@hotmail.co.uk"
        ],
        "thread": 24
    },
    "model": "threads.post",
    "pk": 17
},
{
    "fields": {
        "comment": "<p>Hi, I'm Bex Manning the owner and founder of Starbex. You'll be seeing a lot of me around the shop and keeping everything online up to date!</p>",
        "created_at": "2017-05-29T10:34:22.964Z",
        "user": [
            "rebm01@hotmail.co.uk"
        ],
        "thread": 4
    },
    "model": "threads.post",
    "pk": 19
},
{
    "fields": {
        "comment": "<p>Let us know how you found the signing up process so we can constantly improve the site :)</p>",
        "created_at": "2017-05-29T10:56:21.100Z",
        "user": [
            "rebm01@hotmail.co.uk"
        ],
        "thread": 14
    },
    "model": "threads.post",
    "pk": 26
},
{
    "fields": {
        "comment": "<p>Hi, I'm Miss Brewtiful and I'm one of the hard workers here at <strong>Starbex</strong>. My job is to make sure everything looks amazing as well as hosting weekly events. Head on over to the Announcements forum to keep up to date with these events.</p>",
        "created_at": "2017-05-29T11:17:08.787Z",
        "user": [
            "missbrewtiful@hotmail.co.uk"
        ],
        "thread": 4
    },
    "model": "threads.post",
    "pk": 27
},
{
    "fields": {
        "comment": "<p>Please email contact@starbex.co.uk from your account email with your first and last name. We will get back to you as soon as possible with a link to reset your password.</p>",
        "created_at": "2017-05-29T11:33:28.117Z",
        "user": [
            "rebm01@hotmail.co.uk"
        ],
        "thread": 29
    },
    "model": "threads.post",
    "pk": 28
},
{
    "fields": {
        "comment": "<p>Hi, I'm Mr Fairtrade and I'm the head bartender at your new favorite coffee shop <strong>Starbex</strong>. I'll be getting to know you all as you become a regular and will be making sure you have&nbsp;a&nbsp;smile on your face :).</p>",
        "created_at": "2017-05-29T11:43:28.158Z",
        "user": [
            "mrfairtrade@hotmail.co.uk"
        ],
        "thread": 4
    },
    "model": "threads.post",
    "pk": 29
},
{
    "fields": {
        "comment": "<p>Hi, I'm Mr Beano and I'm in charge of sourcing the freshest and most interesting coffee products. Although you won't see too much of me, you will hear a lot about what I'm up to through&nbsp;our blogs and forums.</p>",
        "created_at": "2017-05-29T11:46:47.185Z",
        "user": [
            "mrbeano@hotmail.co.uk"
        ],
        "thread": 4
    },
    "model": "threads.post",
    "pk": 30
},
{
    "fields": {
        "question": "What type of Book do you Read?",
        "thread": 12
    },
    "model": "polls.poll",
    "pk": 2
},
{
    "fields": {
        "question": "How often do you go for a Walk each week?",
        "thread": 13
    },
    "model": "polls.poll",
    "pk": 3
},
{
    "fields": {
        "question": "How easy have you found Signing up out of 5?",
        "thread": 14
    },
    "model": "polls.poll",
    "pk": 4
},
{
    "fields": {
        "question": "Favorite Movie genre",
        "thread": 15
    },
    "model": "polls.poll",
    "pk": 5
},
{
    "fields": {
        "question": "What makes a coffee bad?",
        "thread": 16
    },
    "model": "polls.poll",
    "pk": 6
},
{
    "fields": {
        "question": "Favorite type of tea?",
        "thread": 17
    },
    "model": "polls.poll",
    "pk": 7
},
{
    "fields": {
        "question": "How many coffees do you have a day?",
        "thread": 25
    },
    "model": "polls.poll",
    "pk": 8
},
{
    "fields": {
        "poll": 2,
        "name": "Non-Fiction"
    },
    "model": "polls.pollsubject",
    "pk": 4
},
{
    "fields": {
        "poll": 2,
        "name": "Fiction"
    },
    "model": "polls.pollsubject",
    "pk": 5
},
{
    "fields": {
        "poll": 2,
        "name": "Puzzle"
    },
    "model": "polls.pollsubject",
    "pk": 6
},
{
    "fields": {
        "poll": 3,
        "name": "0-1 Times a Week"
    },
    "model": "polls.pollsubject",
    "pk": 7
},
{
    "fields": {
        "poll": 3,
        "name": "2-4 Times a Week"
    },
    "model": "polls.pollsubject",
    "pk": 8
},
{
    "fields": {
        "poll": 3,
        "name": "5+ Times a Week"
    },
    "model": "polls.pollsubject",
    "pk": 9
},
{
    "fields": {
        "poll": 4,
        "name": "0-2"
    },
    "model": "polls.pollsubject",
    "pk": 10
},
{
    "fields": {
        "poll": 4,
        "name": "3-4"
    },
    "model": "polls.pollsubject",
    "pk": 11
},
{
    "fields": {
        "poll": 4,
        "name": "5 (GO STARBEX!)"
    },
    "model": "polls.pollsubject",
    "pk": 12
},
{
    "fields": {
        "poll": 5,
        "name": "Comedy"
    },
    "model": "polls.pollsubject",
    "pk": 13
},
{
    "fields": {
        "poll": 5,
        "name": "Fantasy"
    },
    "model": "polls.pollsubject",
    "pk": 14
},
{
    "fields": {
        "poll": 5,
        "name": "Drama"
    },
    "model": "polls.pollsubject",
    "pk": 15
},
{
    "fields": {
        "poll": 6,
        "name": "Milk"
    },
    "model": "polls.pollsubject",
    "pk": 16
},
{
    "fields": {
        "poll": 6,
        "name": "Beans"
    },
    "model": "polls.pollsubject",
    "pk": 17
},
{
    "fields": {
        "poll": 6,
        "name": "Barista"
    },
    "model": "polls.pollsubject",
    "pk": 18
},
{
    "fields": {
        "poll": 7,
        "name": "English Breakfast"
    },
    "model": "polls.pollsubject",
    "pk": 19
},
{
    "fields": {
        "poll": 7,
        "name": "Herbal"
    },
    "model": "polls.pollsubject",
    "pk": 20
},
{
    "fields": {
        "poll": 7,
        "name": "Green Tea"
    },
    "model": "polls.pollsubject",
    "pk": 21
},
{
    "fields": {
        "poll": 8,
        "name": "1"
    },
    "model": "polls.pollsubject",
    "pk": 22
},
{
    "fields": {
        "poll": 8,
        "name": "2"
    },
    "model": "polls.pollsubject",
    "pk": 23
},
{
    "fields": {
        "poll": 8,
        "name": "3+"
    },
    "model": "polls.pollsubject",
    "pk": 24
},
{
    "fields": {
        "poll": 2,
        "user": [
            "rebm01@hotmail.co.uk"
        ],
        "subject": 6
    },
    "model": "polls.vote",
    "pk": 2
},
{
    "fields": {
        "poll": 3,
        "user": [
            "rebm01@hotmail.co.uk"
        ],
        "subject": 8
    },
    "model": "polls.vote",
    "pk": 3
},
{
    "fields": {
        "poll": 4,
        "user": [
            "rebm01@hotmail.co.uk"
        ],
        "subject": 12
    },
    "model": "polls.vote",
    "pk": 4
},
{
    "fields": {
        "poll": 5,
        "user": [
            "rebm01@hotmail.co.uk"
        ],
        "subject": 13
    },
    "model": "polls.vote",
    "pk": 5
},
{
    "fields": {
        "poll": 6,
        "user": [
            "rebm01@hotmail.co.uk"
        ],
        "subject": 17
    },
    "model": "polls.vote",
    "pk": 6
},
{
    "fields": {
        "poll": 7,
        "user": [
            "rebm01@hotmail.co.uk"
        ],
        "subject": 19
    },
    "model": "polls.vote",
    "pk": 7
},
{
    "fields": {
        "poll": 8,
        "user": [
            "rebm01@hotmail.co.uk"
        ],
        "subject": 24
    },
    "model": "polls.vote",
    "pk": 8
},
{
    "fields": {
        "poll": 4,
        "user": [
            "mrbeano@hotmail.co.uk"
        ],
        "subject": 12
    },
    "model": "polls.vote",
    "pk": 9
},
{
    "fields": {
        "author": [
            "rebm01@hotmail.co.uk"
        ],
        "title": "Benefits of natural coffee",
        "image": "images/Coffee5_b3kb7mT.jpg",
        "views": 5,
        "content": "Having delicious coffee in the bed is the best way to get-set-ready for the whole day. Although the taste differs from person to person however, in the end all look for a hot coffee mug in the morning.\r\n\r\nIf you are a coffee lover and health conscious then you must be aware of the organic coffee beans. Serving more than just a healthy option they have become the best choice for most of the individuals. No doubt taste is the first factor which enforces people to get them however, the next big thing is - pesticides and fertilizers never get used on them.\r\n\r\n\r\nTHREE CONSIDERABLE BENEFITS OF NATURAL COFFEE\r\n\r\n1. Benefits to the health\r\n\r\nSince harmful pesticides can cause cancer and other diseases thus, it is recommended to get natural coffee only. Moreover, regular consumption of the pesticides infected coffee can significantly damage the nervous system as well as the reproductive system. It is so because the pesticides once enter the human body can multiple their strengths. Thus, prefer to drink organic coffee beans manufactured coffee. Consider some of the health related benefits that one can get from natural coffee:\r\n\r\n- Drinking natural coffee eliminates the risks of health issues.\r\n- The stimulating agent can help in increasing metabolism rate which results in weight loss.\r\n- It is a rich source of vitamins, minerals and antioxidants.\r\n- The health issues such as diabetics and cancer can be reduced to zero.\r\n- Natural coffee can help in case of body pain.        \r\n\r\n\r\n2. Benefits to the environment\r\n\r\nWith the over use of pesticides, the land can loss its nutrients and the water can be dried with faster rate. As a result, people look for another land which leads to deforestation. On the other hand, natural coffee production never harm the quality of the soil thus, it benefits to the environment.  \r\n\r\n\r\n3. Benefits to the farmers\r\n\r\nThe farmers who are into the natural coffee production can get corporation and support from the other health departments and cooperatives. Thus, they are able to cope up with high cost of production which enables them to earn for their livelihood. Moreover, with the full support from the cooperatives, the proper farming principles can be applied effectively every time.  \r\n\r\nThe natural coffee helps in promoting health and wellness thus, people should think of this beverage. However, the one thing that makes worry about is - the cost factor. But after looking at its various benefits and advantages, this factor can be ignored.\r\n\r\nAdditionally, choose the place-to-buy wisely so that, quality will be assured and also, you may get offers. SoPsychology Articles, make your mind to use this natural coffee and you will surely going to love this.\r\n\r\n__________________________________________________\r\n\r\nSource: Free Articles from ArticlesFactory.com\r\n\r\nABOUT THE AUTHOR\r\n\r\nThe author describes the different types of coffee flavors that can freshen-up your mood to a great extent. If you are thinking to taste the best coffee ever than HiLine Coffee Beans is the best choice to make.",
        "tag": "positivecoffee",
        "published_date": "2017-05-12T17:08:22Z",
        "created_date": "2017-05-12T17:10:51.222Z"
    },
    "model": "blog.post",
    "pk": 1
},
{
    "fields": {
        "author": [
            "rebm01@hotmail.co.uk"
        ],
        "title": "History of Coffee",
        "image": "images/vintage-1216720_1920.jpg",
        "views": 1,
        "content": "Coffee was discovered around 850 A.D. in the part of Africa now known as Ethiopia. According to one story that has been passed down through the generations, a sheep herder named Kaldi discovered coffee as he tended his sheep. He noted that his sheep became extremely active after eating the red cherries from a plant as they went from one pasture to another.\r\n\r\nHe ate a few of the cherries himself, and was soon as overactive as his herd. The story goes on to say that a monk passed by and scolded him for \"partaking of the devil's fruit.\" However, the monks soon found themselves eating the same fruit to help them stay awake for their prayers.\r\n\r\nOriginally, the coffee plant grew naturally in Ethiopia. But once the people of Arabia became enthralled with coffee and transplanted plants to Arabia, coffee was monopolized by them. Later, countries beyond Arabia whose inhabitants believed coffee to be a delicacy guarded its secret and with caution began to siphon off coffee plants from Arabia.\r\n\r\nThe Arabian government prohibited the transportation of the plant out of the Moslem nations, so the actual spread of coffee was started illegally.\r\n\r\nIn the 17th century, Italian traders introduced coffee to the West and changed the history of coffee forever. Many Christians believed that coffee was the drink of the devil.\r\n\r\nBut in Italy, Pope Clement VIII drank and endorsed coffee against the advice of his advisors who wanted it to be considered part of the infidel threat. Because of his endorsement of coffee, it became acceptable as a Christian beverage and spread throughout the West.\r\n\r\nCoffee Houses began opening in the mid-17th century in the Western world. The first coffee house opened in Italy in 1645, in England in 1652, in Paris in 1672 and in Berlin in 1721.\r\n\r\nIn 1668, Edward Lloyd's coffee house opened in England and eventually became Lloyd's of London, the best-known insurance company in the world. By this time, coffee had replaced beer as New York's City's favorite breakfast beverage.\r\n\r\nIn the late 17th and early 18th centuries, the Dutch became a prominent force in the coffee industry with a coffee plant smuggled out of the Arab port of Mocha. The Dutch cultivated coffee commercially in Ceylon and in their East Indian colony of Java, which came to be the source of coffees' nickname.\r\n\r\nHowever, the French stole a seedling and transported it to Martinique. Fifty years later, an official survey found 19 million coffee trees on Martinique, and eventually it\u2019s estimated that ninety percent of the world's coffee spread from this one seedling.\r\n\r\nThe Dutch and French monopoly was broken up in 1727 when Brazil entered the fray. Lieutenant colonel Francisco de Melo Palheta was sent by the Brazilian government to arbitrate a border dispute between the French and Dutch colonies in Guiana. Not only did he settle the disagreement, but he also began an affair with the wife of the governor of French Guiana.\r\n\r\nThe dear lady bid the lieutenant colonel adieu with a bouquet in which she hid cuttings and fertile seeds of coffee that began the Brazilian portion of the history of coffee. By 1907, Brazil accounted for 97% of the world\u2019s coffee production.\r\n\r\nAs the Industrial Revolution swept through Europe and the United States, coffee was changed forever. Hills Bros. became the first company to vacuum pack coffee, changing the coffee industry from a local one to a regional and even national one. Sanka was introduced to the United States as the first decaffeinated coffee. And Nestle learned how to freeze dry coffee and keep it fresher longer.\r\n\r\nThe most recent changes in the history of coffee come over the last sixty years. In 1946, the espresso machine was invented in Italy, giving rise to the Cappuccino.\r\n\r\nAnd in 1971, Starbucks opened its first store in Seattle\u2019s Pike Place public market. And that ladies and gentlemen is a small and brief history of coffee, which I hope you enjoyed.\r\n\r\n______________________________________________________\r\n\r\n\u00a9 Copyright Randy Wilson, All Rights Reserved.\r\n\r\nSource: Free Articles from ArticlesFactory.com\r\n\r\nABOUT THE AUTHOR\r\n\r\nArticle written by Randy Wilson and brought to you by http://www.ultimate-coffees-info.com.",
        "tag": "facts",
        "published_date": "2017-05-01T11:00:00Z",
        "created_date": "2017-05-12T17:42:24Z"
    },
    "model": "blog.post",
    "pk": 2
},
{
    "fields": {
        "author": [
            "rebm01@hotmail.co.uk"
        ],
        "title": "Coffee Roasting",
        "image": "images/coffee-2111136_1920.jpg",
        "views": 1,
        "content": "The carbohydrates and fats of the coffee beans are converted into aromatic oils through the heat generated by the roasting process. Heat eliminates carbon dioxide and moisture, decomposing and boosting acids, leading to that remarkable coffee flavor.\r\n\r\n For a true connoisseur, coffee roasting is just one element for that particular flavor. The taste of a specific roast cannot be easily described because of the abundance of coffee bean types, variants and varying roasting times.\r\n\r\n Still, here are some coffee roasting basics:\r\n\r\n1. Light coffee roasting or New England or Cinnamon roast. Adjust the roaster to roughly seven minutes. The light roast is complete as the beans nearly double its original size. This is the coffee that is easily and commonly found at mass market coffee roasters. The obtained flavor is light bodied and the coffee bean is dry with a rather bitter taste.\r\n\r\n2. Medium roast coffee is commonly known as American, Regular, full City and Breakfast. For this type of roasting set the roaster to somewhere between nine and eleven minutes. Although it is not so common in stores as light roast, but it is not hard to find. Compared to light roast it has a sweeter taste delivering a cup of coffee with a more intense aroma.\r\n\r\n3. Dark coffee roasting also referred to as Continental or French roast is obtained by setting your roaster to about thirteen minutes. When the oil gets to the beans\u2019 hot surface you will hear a hissing sound. The obtained taste is sweet, spicy and pleasantly intense.\r\n\r\n4. Really dark coffee roasting is darkest coffee that can be achieved before the deterioration of the coffee bean\u2019s quality. You know this coffee roast as Italian or espresso roast. That pleasant Italian roast is obtained through fourteen to fifteen coffee roasting. The coffee beans will first hiss (because of the oil inside the beans) and then will smoke. The beans\u2019 sugar content will carbonize and caramelize leading to a full smoky flavor.\r\n\r\n______________________________________________________________\r\n\r\nSource: Free Articles from ArticlesFactory.com\r\n\r\nABOUT THE AUTHOR\r\n\r\nAre you looking for the best burr coffee grinders? Find reviews of the best burr coffee grinders and top rated french press!",
        "tag": "method",
        "published_date": "2017-05-02T05:00:00Z",
        "created_date": "2017-05-12T17:48:04Z"
    },
    "model": "blog.post",
    "pk": 3
},
{
    "fields": {
        "author": [
            "rebm01@hotmail.co.uk"
        ],
        "title": "Types of Coffee",
        "image": "images/coffee-1159011_1920.jpg",
        "views": 0,
        "content": "The first thing that comes to the mind after waking up in the morning is a great cup of coffee. The complex combination of delicate aroma and the characteristic scent have such a boosting effect that a delicious cup of espresso or cappuccino makes our day. Coffee is one product that relaxes, refreshes and stimulates the mind in a big way. It engages the senses and delivers one of a kind experience with every delicious cup filled with the java. An expertly brewed coffee is a day starter for most of us. So much so, that many consider it the only reason to wake up!!\r\n\r\nThere are various ways in which you can brew the coffee by yourself for that perfect taste. You don\u2019t necessarily have to line up and wait at a coffee shop. The availability of the highest quality whole bean, ground and instant coffee have eased the process to make your cup-o-joe at home or office. So, every time you need a boost for a chaotic day ahead or need to stay alert through a long office meeting, or if you simply are an addict of the flavorful, roasted instant coffee, turn to that enjoyable cup and feel comfortable and happy.\r\n\r\nThe preference for flavor and aroma of coffee varies among people. But they share common views on the quality of coffee they like to have. Whether you are a fan of fresh pods for nespresso or keurig, or savor the taste of the whole bean coffee, there are several options to choose from. You can select among strong, creamy, nutty and floral flavors of dark roast, medium roast and specialty coffee. For those who are not fond of caffeine, a decaf version without caffeine is also available. It offers a rich, mellow flavor without the kick. As a coffee enthusiast, you must be well aware of the benefits of having coffee. For the unaware and the weight conscious, the black coffee does not pack in any calories. Yes, it has zero calories, though, the addition of ingredients like milk, sugar and syrup to it increase the calorie count.\r\n\r\nNow, coming back to the various methods that are employed to brew outstanding coffee, the choices are numerous. Some require the use of expensive equipment, while others are easy to make. Few of the methods are described below.\r\n\r\n1. Espresso method: In this, the near-boiling water is forced under pressure to go through the coffee grounds. This results in the highly concentrated, thick but small cup of coffee. It usually has an intense, bitter taste.\r\n2. Drip / pour over method: This is made by pouring near-boiling water over coffee grounds. It offers mild flavor, less bitterness and is easy to make.\r\n3. Aeropress: This involves adding hot water to the finely ground coffee to brew. It is then forced through a filter by significant pressure. Aeropress coffee has strong coffee flavor but making it can be a bit messy.\r\n4. Percolator: Here, a stream from boiling water is sent through the coffee grounds. This method produces hotter coffee that gives out a pleasant aroma during the brewing process. It is also easy to make.\r\n5. French press: The process includes pouring near-boiling water on coarsely ground coffee beans. It is left to brew for several minutes. Then, the coffee is filtered with a plunger. It contains a very mild taste of coffee. Though time consuming, the process allows more control over brewing time and amount.\r\n\r\nSo, go ahead, pick your favorite flavorFind Article, and prepare yourself for a busy day of work with an energizing and delicious cuppa hot coffee in an instant!!\r\n\r\n \r\n______________________________________________________________________\r\n\r\nSource: Free Articles from ArticlesFactory.com\r\n\r\nABOUT THE AUTHOR\r\n\r\nThe author has a grat taste on coffee. There are several flavors that can swing your mood right up & amongst them is Aeropress, it is an alternative coffee brewing option that can be available to you at HiLine Coffee that delivers freshest coffee taste at best price.",
        "tag": "types",
        "published_date": "2017-05-11T17:51:07Z",
        "created_date": "2017-05-12T17:51:28Z"
    },
    "model": "blog.post",
    "pk": 4
},
{
    "fields": {
        "author": [
            "rebm01@hotmail.co.uk"
        ],
        "title": "How to tell organic from regular",
        "image": "images/drops-plant-leaves-43481_1920.jpg",
        "views": 0,
        "content": "1. Look for the USDA seal Since 2002 any food that is at least 95% organic can be labeled with a USDA seal stating its organic authenticity.If your coffee does not have the seal it may still be organic, but the presence of the seal is a guarantee.  \r\n\r\n2. Have a taste Many organic coffee drinkers swear that their coffee has a cleaner and richer taste than its non-organic counterpart.If you are served a particularly tasty or satisfying cup of coffee, ask your host or server if they have treated you to some organically grown coffee.You may end up with an organic surprise when you hear their answer.  \r\n\r\n3. Have a smell Studies have shown that the aroma of coffee beans has a relaxing and sleep inducing effect.Organic coffee beans tend to have a purer smell than non-organic due to the vastly cleaner manner in which they are grown.Some feel that this natural growth results in an even cleaner and more relaxing aroma.The next time you have the chance, take a nice deep inhale of both and see which one relaxes you more.   \r\n\r\n4. Don't rely on the price Contrary to popular belief, organic coffee is not always pricier than regular coffee.While there is typically a higher cost involved in growing coffee organically, many specialty coffees that are grown non-organically can be much pricier.Additionally, many smaller coffee sellers do not have the name brand markups of the major players, so there is additional savings in that regard.While price may be a clue as to the lineage of the coffee you are considering purchasing, it is not a criterion on which you can solely rely.  While most consumers will be able to differentiate organic and non-organic coffee at the point of sale, this guide may help in identifying the difference in everyday life.Of course, you could always just ask for organicBusiness Management Articles, and ensure you are drinking the healthiest possible coffee option.\r\n\r\n_________________________________________________\r\n\r\nSource: Free Articles from ArticlesFactory.com\r\n\r\nABOUT THE AUTHOR\r\n\r\nThis article was written by Domenic Carlson.\r\n",
        "tag": "types",
        "published_date": "2017-05-09T10:23:36Z",
        "created_date": "2017-05-12T18:23:49Z"
    },
    "model": "blog.post",
    "pk": 5
},
{
    "fields": {
        "author": [
            "rebm01@hotmail.co.uk"
        ],
        "title": "Make a good cup of Coffee",
        "image": "images/coffee-983955_1920.jpg",
        "views": 2,
        "content": "To make a cup of good, rich, deep flavored coffee, one does not necessarily need to have an expensive coffee maker at home, although owing one is an added advantage. You can still enjoy the most delightfully tasting your favorite drink without going to your favorite caf\u00e9 and standing in queues for your turn. If you want to know more about how this can be done\u2026read on.\r\n\r\nThe taste and aroma of a good coffee is what differentiates it from the mediocre and bad coffee. So, no matter how expensive your aeropress coffee maker is, you could still end up with bad taste of it, if the coffee you use is not good quality. This, however, does not mean that the coffeemaker is at fault. That is perfectly all right. Only you need to select, store and brew coffee in the proper ways.\r\n\r\nCoffee is obtained from the coffee beans. These are actually the seeds of the coffee plant. The fresh and ripe seeds are selected and left to dry out. When they have dried up as required, these seeds are then roasted and grounded as per the demand. The roasting process is very important. If the coffee is over roasted or under roasted, it would definitely spoil the flavor. The coffee can be dark roasted, medium roasted and roasted to order. This means, many companies offer to freshly roast coffee to match the needs of their clients. Using high quality coffee greatly impacts how it will turn out to be.\r\n\r\nThis process of roasting coffee also gives it a distinct aroma and flavor. Next, the roasted coffee seeds are grounded or sold as wholebean coffee. The coffee beans are finely grounded to make a powder. It is known as the instant coffee. It can also be partly grounded. This is the grounded coffee. The coffee beans are also sold as wholebean coffee. These are only roasted and not grounded.\r\n\r\nThese days, the custom flavors are also finding popularity among the clients as well. They can choose among nutty, fruity, floral and other spice flavors like walnut, caramel, chocolate, sage, cinnamon, lilac, tangerine etc. These are unique and offer a different tasting experience to the client.\r\n\r\nThe storage of the coffee also plays an important role on keeping it fresh. The best way is to transfer it to an air tight bag or container as soon as it is opened. You can also keep it in deep freezer to keep it tasting fresh for a long time. The coffee that is left unattended becomes stale and tastes bad.\r\n\r\nAnother way to ensure a great cup of java is by following the guidelines that come with the coffee. Every type of coffee requires special care and certain procedure to make it. The use of coffee type for coffee machines varies according to requirements. Some machines use freshly grounded coffee while others may use wholebean coffee seeds to make good coffee. There are various time periods for which they should be brewed to get the most of their flavor as well.\r\n\r\nSo, by taking these factors into consideration, you can make a delicious cup of coffee right at home.\r\n\r\n__________________________________________________________________\r\n\r\nSource: Free Articles from ArticlesFactory.com\r\n\r\nABOUT THE AUTHOR\r\n\r\nThere are several types of coffee in market. But to opt the best and easy to make one, according your taste can be easier now. So, use best quality coffee with aeropress coffee maker, as it can help to get the best coffee as per your requirement.",
        "tag": "method",
        "published_date": "2017-05-12T18:26:16Z",
        "created_date": "2017-05-12T18:26:43Z"
    },
    "model": "blog.post",
    "pk": 6
},
{
    "fields": {
        "action_flag": 1,
        "action_time": "2017-05-12T16:04:35.636Z",
        "object_repr": "30 coffees per month",
        "object_id": "1",
        "change_message": "",
        "user": [
            "rebm01@hotmail.co.uk"
        ],
        "content_type": [
            "coffees",
            "coffee"
        ]
    },
    "model": "admin.logentry",
    "pk": 1
},
{
    "fields": {
        "action_flag": 1,
        "action_time": "2017-05-12T17:10:51.236Z",
        "object_repr": "Benefits of Coffee",
        "object_id": "1",
        "change_message": "",
        "user": [
            "rebm01@hotmail.co.uk"
        ],
        "content_type": [
            "blog",
            "post"
        ]
    },
    "model": "admin.logentry",
    "pk": 2
},
{
    "fields": {
        "action_flag": 2,
        "action_time": "2017-05-12T17:19:10.125Z",
        "object_repr": "Benefits of natural coffee",
        "object_id": "1",
        "change_message": "Changed title and content.",
        "user": [
            "rebm01@hotmail.co.uk"
        ],
        "content_type": [
            "blog",
            "post"
        ]
    },
    "model": "admin.logentry",
    "pk": 3
},
{
    "fields": {
        "action_flag": 2,
        "action_time": "2017-05-12T17:20:44.752Z",
        "object_repr": "Benefits of natural coffee",
        "object_id": "1",
        "change_message": "Changed content.",
        "user": [
            "rebm01@hotmail.co.uk"
        ],
        "content_type": [
            "blog",
            "post"
        ]
    },
    "model": "admin.logentry",
    "pk": 4
},
{
    "fields": {
        "action_flag": 2,
        "action_time": "2017-05-12T17:36:54.591Z",
        "object_repr": "Benefits of natural coffee",
        "object_id": "1",
        "change_message": "No fields changed.",
        "user": [
            "rebm01@hotmail.co.uk"
        ],
        "content_type": [
            "blog",
            "post"
        ]
    },
    "model": "admin.logentry",
    "pk": 5
},
{
    "fields": {
        "action_flag": 1,
        "action_time": "2017-05-12T17:42:25.303Z",
        "object_repr": "History of Coffee",
        "object_id": "2",
        "change_message": "",
        "user": [
            "rebm01@hotmail.co.uk"
        ],
        "content_type": [
            "blog",
            "post"
        ]
    },
    "model": "admin.logentry",
    "pk": 6
},
{
    "fields": {
        "action_flag": 2,
        "action_time": "2017-05-12T17:43:00.631Z",
        "object_repr": "History of Coffee",
        "object_id": "2",
        "change_message": "Changed content.",
        "user": [
            "rebm01@hotmail.co.uk"
        ],
        "content_type": [
            "blog",
            "post"
        ]
    },
    "model": "admin.logentry",
    "pk": 7
},
{
    "fields": {
        "action_flag": 2,
        "action_time": "2017-05-12T17:44:17.643Z",
        "object_repr": "History of Coffee",
        "object_id": "2",
        "change_message": "Changed content.",
        "user": [
            "rebm01@hotmail.co.uk"
        ],
        "content_type": [
            "blog",
            "post"
        ]
    },
    "model": "admin.logentry",
    "pk": 8
},
{
    "fields": {
        "action_flag": 1,
        "action_time": "2017-05-12T17:48:04.123Z",
        "object_repr": "Coffee Roasting",
        "object_id": "3",
        "change_message": "",
        "user": [
            "rebm01@hotmail.co.uk"
        ],
        "content_type": [
            "blog",
            "post"
        ]
    },
    "model": "admin.logentry",
    "pk": 9
},
{
    "fields": {
        "action_flag": 2,
        "action_time": "2017-05-12T17:48:49.359Z",
        "object_repr": "History of Coffee",
        "object_id": "2",
        "change_message": "Changed content and published_date.",
        "user": [
            "rebm01@hotmail.co.uk"
        ],
        "content_type": [
            "blog",
            "post"
        ]
    },
    "model": "admin.logentry",
    "pk": 10
},
{
    "fields": {
        "action_flag": 2,
        "action_time": "2017-05-12T17:49:01.129Z",
        "object_repr": "Benefits of natural coffee",
        "object_id": "1",
        "change_message": "Changed content.",
        "user": [
            "rebm01@hotmail.co.uk"
        ],
        "content_type": [
            "blog",
            "post"
        ]
    },
    "model": "admin.logentry",
    "pk": 11
},
{
    "fields": {
        "action_flag": 1,
        "action_time": "2017-05-12T17:51:28.076Z",
        "object_repr": "Types of Coffee",
        "object_id": "4",
        "change_message": "",
        "user": [
            "rebm01@hotmail.co.uk"
        ],
        "content_type": [
            "blog",
            "post"
        ]
    },
    "model": "admin.logentry",
    "pk": 12
},
{
    "fields": {
        "action_flag": 2,
        "action_time": "2017-05-12T17:51:48.649Z",
        "object_repr": "Types of Coffee",
        "object_id": "4",
        "change_message": "Changed published_date.",
        "user": [
            "rebm01@hotmail.co.uk"
        ],
        "content_type": [
            "blog",
            "post"
        ]
    },
    "model": "admin.logentry",
    "pk": 13
},
{
    "fields": {
        "action_flag": 1,
        "action_time": "2017-05-12T18:23:49.644Z",
        "object_repr": "How to tell organic from regular",
        "object_id": "5",
        "change_message": "",
        "user": [
            "rebm01@hotmail.co.uk"
        ],
        "content_type": [
            "blog",
            "post"
        ]
    },
    "model": "admin.logentry",
    "pk": 14
},
{
    "fields": {
        "action_flag": 1,
        "action_time": "2017-05-12T18:26:43.028Z",
        "object_repr": "Make a good cup of Coffee",
        "object_id": "6",
        "change_message": "",
        "user": [
            "rebm01@hotmail.co.uk"
        ],
        "content_type": [
            "blog",
            "post"
        ]
    },
    "model": "admin.logentry",
    "pk": 15
},
{
    "fields": {
        "action_flag": 2,
        "action_time": "2017-05-12T18:26:50.297Z",
        "object_repr": "Coffee Roasting",
        "object_id": "3",
        "change_message": "Changed tag.",
        "user": [
            "rebm01@hotmail.co.uk"
        ],
        "content_type": [
            "blog",
            "post"
        ]
    },
    "model": "admin.logentry",
    "pk": 16
},
{
    "fields": {
        "action_flag": 2,
        "action_time": "2017-05-12T18:26:58.252Z",
        "object_repr": "How to tell organic from regular",
        "object_id": "5",
        "change_message": "No fields changed.",
        "user": [
            "rebm01@hotmail.co.uk"
        ],
        "content_type": [
            "blog",
            "post"
        ]
    },
    "model": "admin.logentry",
    "pk": 17
},
{
    "fields": {
        "action_flag": 1,
        "action_time": "2017-05-12T18:28:28.717Z",
        "object_repr": "FAQs",
        "object_id": "1",
        "change_message": "",
        "user": [
            "rebm01@hotmail.co.uk"
        ],
        "content_type": [
            "threads",
            "subject"
        ]
    },
    "model": "admin.logentry",
    "pk": 18
},
{
    "fields": {
        "action_flag": 1,
        "action_time": "2017-05-12T18:29:08.061Z",
        "object_repr": "Announcements",
        "object_id": "2",
        "change_message": "",
        "user": [
            "rebm01@hotmail.co.uk"
        ],
        "content_type": [
            "threads",
            "subject"
        ]
    },
    "model": "admin.logentry",
    "pk": 19
},
{
    "fields": {
        "action_flag": 1,
        "action_time": "2017-05-12T18:29:56.991Z",
        "object_repr": "Daily Coffee Routine",
        "object_id": "3",
        "change_message": "",
        "user": [
            "rebm01@hotmail.co.uk"
        ],
        "content_type": [
            "threads",
            "subject"
        ]
    },
    "model": "admin.logentry",
    "pk": 20
},
{
    "fields": {
        "action_flag": 1,
        "action_time": "2017-05-12T18:32:20.561Z",
        "object_repr": "A Cup Of Coffee ",
        "object_id": "4",
        "change_message": "",
        "user": [
            "rebm01@hotmail.co.uk"
        ],
        "content_type": [
            "threads",
            "subject"
        ]
    },
    "model": "admin.logentry",
    "pk": 21
},
{
    "fields": {
        "action_flag": 2,
        "action_time": "2017-05-22T15:53:23.145Z",
        "object_repr": "Make a good cup of Coffee",
        "object_id": "6",
        "change_message": "Changed image.",
        "user": [
            "rebm01@hotmail.co.uk"
        ],
        "content_type": [
            "blog",
            "post"
        ]
    },
    "model": "admin.logentry",
    "pk": 22
},
{
    "fields": {
        "action_flag": 2,
        "action_time": "2017-05-22T15:53:42.635Z",
        "object_repr": "How to tell organic from regular",
        "object_id": "5",
        "change_message": "Changed image.",
        "user": [
            "rebm01@hotmail.co.uk"
        ],
        "content_type": [
            "blog",
            "post"
        ]
    },
    "model": "admin.logentry",
    "pk": 23
},
{
    "fields": {
        "action_flag": 2,
        "action_time": "2017-05-22T15:53:54.595Z",
        "object_repr": "Types of Coffee",
        "object_id": "4",
        "change_message": "Changed image.",
        "user": [
            "rebm01@hotmail.co.uk"
        ],
        "content_type": [
            "blog",
            "post"
        ]
    },
    "model": "admin.logentry",
    "pk": 24
},
{
    "fields": {
        "action_flag": 2,
        "action_time": "2017-05-22T15:54:05.846Z",
        "object_repr": "Coffee Roasting",
        "object_id": "3",
        "change_message": "Changed image.",
        "user": [
            "rebm01@hotmail.co.uk"
        ],
        "content_type": [
            "blog",
            "post"
        ]
    },
    "model": "admin.logentry",
    "pk": 25
},
{
    "fields": {
        "action_flag": 2,
        "action_time": "2017-05-22T15:54:14.884Z",
        "object_repr": "History of Coffee",
        "object_id": "2",
        "change_message": "Changed image.",
        "user": [
            "rebm01@hotmail.co.uk"
        ],
        "content_type": [
            "blog",
            "post"
        ]
    },
    "model": "admin.logentry",
    "pk": 26
},
{
    "fields": {
        "action_flag": 1,
        "action_time": "2017-05-23T16:36:12.664Z",
        "object_repr": "25 Coffees per month",
        "object_id": "2",
        "change_message": "",
        "user": [
            "rebm01@hotmail.co.uk"
        ],
        "content_type": [
            "coffees",
            "coffee"
        ]
    },
    "model": "admin.logentry",
    "pk": 27
},
{
    "fields": {
        "action_flag": 1,
        "action_time": "2017-05-23T16:43:41.184Z",
        "object_repr": "20 Coffees per month ",
        "object_id": "3",
        "change_message": "",
        "user": [
            "rebm01@hotmail.co.uk"
        ],
        "content_type": [
            "coffees",
            "coffee"
        ]
    },
    "model": "admin.logentry",
    "pk": 28
},
{
    "fields": {
        "action_flag": 1,
        "action_time": "2017-05-23T16:44:32.424Z",
        "object_repr": "15 Coffees per month",
        "object_id": "4",
        "change_message": "",
        "user": [
            "rebm01@hotmail.co.uk"
        ],
        "content_type": [
            "coffees",
            "coffee"
        ]
    },
    "model": "admin.logentry",
    "pk": 29
},
{
    "fields": {
        "action_flag": 1,
        "action_time": "2017-05-23T16:45:09.840Z",
        "object_repr": "10 Coffees per month",
        "object_id": "5",
        "change_message": "",
        "user": [
            "rebm01@hotmail.co.uk"
        ],
        "content_type": [
            "coffees",
            "coffee"
        ]
    },
    "model": "admin.logentry",
    "pk": 30
},
{
    "fields": {
        "action_flag": 2,
        "action_time": "2017-05-29T09:00:20.399Z",
        "object_repr": "Coffee Recipes",
        "object_id": "4",
        "change_message": "Changed name and description.",
        "user": [
            "rebm01@hotmail.co.uk"
        ],
        "content_type": [
            "threads",
            "subject"
        ]
    },
    "model": "admin.logentry",
    "pk": 31
},
{
    "fields": {
        "action_flag": 2,
        "action_time": "2017-05-29T09:01:15.534Z",
        "object_repr": "Daily Coffee Routine",
        "object_id": "3",
        "change_message": "No fields changed.",
        "user": [
            "rebm01@hotmail.co.uk"
        ],
        "content_type": [
            "threads",
            "subject"
        ]
    },
    "model": "admin.logentry",
    "pk": 32
},
{
    "fields": {
        "action_flag": 1,
        "action_time": "2017-05-29T09:02:08.291Z",
        "object_repr": "Beans",
        "object_id": "5",
        "change_message": "",
        "user": [
            "rebm01@hotmail.co.uk"
        ],
        "content_type": [
            "threads",
            "subject"
        ]
    },
    "model": "admin.logentry",
    "pk": 33
},
{
    "fields": {
        "action_flag": 1,
        "action_time": "2017-05-29T09:02:47.362Z",
        "object_repr": "Brewed Coffee",
        "object_id": "6",
        "change_message": "",
        "user": [
            "rebm01@hotmail.co.uk"
        ],
        "content_type": [
            "threads",
            "subject"
        ]
    },
    "model": "admin.logentry",
    "pk": 34
},
{
    "fields": {
        "action_flag": 1,
        "action_time": "2017-05-29T09:03:37.080Z",
        "object_repr": "Barista Skills",
        "object_id": "7",
        "change_message": "",
        "user": [
            "rebm01@hotmail.co.uk"
        ],
        "content_type": [
            "threads",
            "subject"
        ]
    },
    "model": "admin.logentry",
    "pk": 35
},
{
    "fields": {
        "action_flag": 1,
        "action_time": "2017-05-29T09:04:44.195Z",
        "object_repr": "Equipment Reviews",
        "object_id": "8",
        "change_message": "",
        "user": [
            "rebm01@hotmail.co.uk"
        ],
        "content_type": [
            "threads",
            "subject"
        ]
    },
    "model": "admin.logentry",
    "pk": 36
},
{
    "fields": {
        "action_flag": 1,
        "action_time": "2017-05-29T09:05:49.737Z",
        "object_repr": "Buy/Sell Equipment",
        "object_id": "9",
        "change_message": "",
        "user": [
            "rebm01@hotmail.co.uk"
        ],
        "content_type": [
            "threads",
            "subject"
        ]
    },
    "model": "admin.logentry",
    "pk": 37
},
{
    "fields": {
        "action_flag": 1,
        "action_time": "2017-05-29T09:07:37.970Z",
        "object_repr": "Tea Lounge",
        "object_id": "10",
        "change_message": "",
        "user": [
            "rebm01@hotmail.co.uk"
        ],
        "content_type": [
            "threads",
            "subject"
        ]
    },
    "model": "admin.logentry",
    "pk": 38
},
{
    "fields": {
        "action_flag": 1,
        "action_time": "2017-05-29T09:07:57.072Z",
        "object_repr": "Coffee Lounge",
        "object_id": "11",
        "change_message": "",
        "user": [
            "rebm01@hotmail.co.uk"
        ],
        "content_type": [
            "threads",
            "subject"
        ]
    },
    "model": "admin.logentry",
    "pk": 39
},
{
    "fields": {
        "action_flag": 1,
        "action_time": "2017-05-29T09:08:36.366Z",
        "object_repr": "Off-Topic",
        "object_id": "12",
        "change_message": "",
        "user": [
            "rebm01@hotmail.co.uk"
        ],
        "content_type": [
            "threads",
            "subject"
        ]
    },
    "model": "admin.logentry",
    "pk": 40
},
{
    "fields": {
        "action_flag": 1,
        "action_time": "2017-05-29T09:09:56.635Z",
        "object_repr": "New Members Section",
        "object_id": "13",
        "change_message": "",
        "user": [
            "rebm01@hotmail.co.uk"
        ],
        "content_type": [
            "threads",
            "subject"
        ]
    },
    "model": "admin.logentry",
    "pk": 41
},
{
    "fields": {
        "action_flag": 2,
        "action_time": "2017-05-29T09:10:02.383Z",
        "object_repr": "FAQs",
        "object_id": "1",
        "change_message": "No fields changed.",
        "user": [
            "rebm01@hotmail.co.uk"
        ],
        "content_type": [
            "threads",
            "subject"
        ]
    },
    "model": "admin.logentry",
    "pk": 42
},
{
    "fields": {
        "action_flag": 2,
        "action_time": "2017-05-29T09:10:06.721Z",
        "object_repr": "Announcements",
        "object_id": "2",
        "change_message": "No fields changed.",
        "user": [
            "rebm01@hotmail.co.uk"
        ],
        "content_type": [
            "threads",
            "subject"
        ]
    },
    "model": "admin.logentry",
    "pk": 43
},
{
    "fields": {
        "action_flag": 2,
        "action_time": "2017-05-29T09:10:10.796Z",
        "object_repr": "Daily Coffee Routine",
        "object_id": "3",
        "change_message": "No fields changed.",
        "user": [
            "rebm01@hotmail.co.uk"
        ],
        "content_type": [
            "threads",
            "subject"
        ]
    },
    "model": "admin.logentry",
    "pk": 44
},
{
    "fields": {
        "action_flag": 2,
        "action_time": "2017-05-29T09:10:15.953Z",
        "object_repr": "Coffee Recipes",
        "object_id": "4",
        "change_message": "No fields changed.",
        "user": [
            "rebm01@hotmail.co.uk"
        ],
        "content_type": [
            "threads",
            "subject"
        ]
    },
    "model": "admin.logentry",
    "pk": 45
},
{
    "fields": {
        "action_flag": 2,
        "action_time": "2017-05-29T09:10:20.921Z",
        "object_repr": "Beans",
        "object_id": "5",
        "change_message": "No fields changed.",
        "user": [
            "rebm01@hotmail.co.uk"
        ],
        "content_type": [
            "threads",
            "subject"
        ]
    },
    "model": "admin.logentry",
    "pk": 46
},
{
    "fields": {
        "action_flag": 2,
        "action_time": "2017-05-29T09:10:25.361Z",
        "object_repr": "Brewed Coffee",
        "object_id": "6",
        "change_message": "No fields changed.",
        "user": [
            "rebm01@hotmail.co.uk"
        ],
        "content_type": [
            "threads",
            "subject"
        ]
    },
    "model": "admin.logentry",
    "pk": 47
},
{
    "fields": {
        "action_flag": 2,
        "action_time": "2017-05-29T09:10:51.677Z",
        "object_repr": "Off-Topic",
        "object_id": "12",
        "change_message": "Changed description.",
        "user": [
            "rebm01@hotmail.co.uk"
        ],
        "content_type": [
            "threads",
            "subject"
        ]
    },
    "model": "admin.logentry",
    "pk": 48
},
{
    "fields": {
        "action_flag": 3,
        "action_time": "2017-05-29T09:12:47.099Z",
        "object_repr": "Thread object",
        "object_id": "3",
        "change_message": "",
        "user": [
            "rebm01@hotmail.co.uk"
        ],
        "content_type": [
            "threads",
            "thread"
        ]
    },
    "model": "admin.logentry",
    "pk": 49
},
{
    "fields": {
        "action_flag": 3,
        "action_time": "2017-05-29T09:12:51.616Z",
        "object_repr": "Thread object",
        "object_id": "2",
        "change_message": "",
        "user": [
            "rebm01@hotmail.co.uk"
        ],
        "content_type": [
            "threads",
            "thread"
        ]
    },
    "model": "admin.logentry",
    "pk": 50
},
{
    "fields": {
        "action_flag": 3,
        "action_time": "2017-05-29T09:12:55.927Z",
        "object_repr": "Thread object",
        "object_id": "1",
        "change_message": "",
        "user": [
            "rebm01@hotmail.co.uk"
        ],
        "content_type": [
            "threads",
            "thread"
        ]
    },
    "model": "admin.logentry",
    "pk": 51
},
{
    "fields": {
        "action_flag": 1,
        "action_time": "2017-05-29T09:15:04.346Z",
        "object_repr": "Thread object",
        "object_id": "4",
        "change_message": "",
        "user": [
            "rebm01@hotmail.co.uk"
        ],
        "content_type": [
            "threads",
            "thread"
        ]
    },
    "model": "admin.logentry",
    "pk": 52
},
{
    "fields": {
        "action_flag": 1,
        "action_time": "2017-05-29T09:15:31.144Z",
        "object_repr": "Thread object",
        "object_id": "5",
        "change_message": "",
        "user": [
            "rebm01@hotmail.co.uk"
        ],
        "content_type": [
            "threads",
            "thread"
        ]
    },
    "model": "admin.logentry",
    "pk": 53
},
{
    "fields": {
        "action_flag": 1,
        "action_time": "2017-05-29T09:16:09.755Z",
        "object_repr": "Thread object",
        "object_id": "6",
        "change_message": "",
        "user": [
            "rebm01@hotmail.co.uk"
        ],
        "content_type": [
            "threads",
            "thread"
        ]
    },
    "model": "admin.logentry",
    "pk": 54
},
{
    "fields": {
        "action_flag": 1,
        "action_time": "2017-05-29T09:17:02.361Z",
        "object_repr": "Thread object",
        "object_id": "7",
        "change_message": "",
        "user": [
            "rebm01@hotmail.co.uk"
        ],
        "content_type": [
            "threads",
            "thread"
        ]
    },
    "model": "admin.logentry",
    "pk": 55
},
{
    "fields": {
        "action_flag": 1,
        "action_time": "2017-05-29T09:17:39.138Z",
        "object_repr": "Thread object",
        "object_id": "8",
        "change_message": "",
        "user": [
            "rebm01@hotmail.co.uk"
        ],
        "content_type": [
            "threads",
            "thread"
        ]
    },
    "model": "admin.logentry",
    "pk": 56
},
{
    "fields": {
        "action_flag": 1,
        "action_time": "2017-05-29T09:17:55.571Z",
        "object_repr": "Thread object",
        "object_id": "9",
        "change_message": "",
        "user": [
            "rebm01@hotmail.co.uk"
        ],
        "content_type": [
            "threads",
            "thread"
        ]
    },
    "model": "admin.logentry",
    "pk": 57
},
{
    "fields": {
        "action_flag": 1,
        "action_time": "2017-05-29T09:18:24.910Z",
        "object_repr": "Thread object",
        "object_id": "10",
        "change_message": "",
        "user": [
            "rebm01@hotmail.co.uk"
        ],
        "content_type": [
            "threads",
            "thread"
        ]
    },
    "model": "admin.logentry",
    "pk": 58
},
{
    "fields": {
        "action_flag": 1,
        "action_time": "2017-05-29T09:19:02.624Z",
        "object_repr": "Thread object",
        "object_id": "11",
        "change_message": "",
        "user": [
            "rebm01@hotmail.co.uk"
        ],
        "content_type": [
            "threads",
            "thread"
        ]
    },
    "model": "admin.logentry",
    "pk": 59
},
{
    "fields": {
        "action_flag": 3,
        "action_time": "2017-05-29T09:26:17.405Z",
        "object_repr": "Thread object",
        "object_id": "11",
        "change_message": "",
        "user": [
            "rebm01@hotmail.co.uk"
        ],
        "content_type": [
            "threads",
            "thread"
        ]
    },
    "model": "admin.logentry",
    "pk": 60
},
{
    "fields": {
        "action_flag": 3,
        "action_time": "2017-05-29T09:27:34.018Z",
        "object_repr": "Thread object",
        "object_id": "9",
        "change_message": "",
        "user": [
            "rebm01@hotmail.co.uk"
        ],
        "content_type": [
            "threads",
            "thread"
        ]
    },
    "model": "admin.logentry",
    "pk": 61
},
{
    "fields": {
        "action_flag": 3,
        "action_time": "2017-05-29T09:42:36.970Z",
        "object_repr": "Thread object",
        "object_id": "7",
        "change_message": "",
        "user": [
            "rebm01@hotmail.co.uk"
        ],
        "content_type": [
            "threads",
            "thread"
        ]
    },
    "model": "admin.logentry",
    "pk": 62
},
{
    "fields": {
        "action_flag": 1,
        "action_time": "2017-05-29T10:06:13.514Z",
        "object_repr": "Thread object",
        "object_id": "18",
        "change_message": "",
        "user": [
            "rebm01@hotmail.co.uk"
        ],
        "content_type": [
            "threads",
            "thread"
        ]
    },
    "model": "admin.logentry",
    "pk": 63
},
{
    "fields": {
        "action_flag": 1,
        "action_time": "2017-05-29T10:06:37.074Z",
        "object_repr": "Thread object",
        "object_id": "19",
        "change_message": "",
        "user": [
            "rebm01@hotmail.co.uk"
        ],
        "content_type": [
            "threads",
            "thread"
        ]
    },
    "model": "admin.logentry",
    "pk": 64
},
{
    "fields": {
        "action_flag": 1,
        "action_time": "2017-05-29T10:08:15.674Z",
        "object_repr": "Thread object",
        "object_id": "20",
        "change_message": "",
        "user": [
            "rebm01@hotmail.co.uk"
        ],
        "content_type": [
            "threads",
            "thread"
        ]
    },
    "model": "admin.logentry",
    "pk": 65
},
{
    "fields": {
        "action_flag": 1,
        "action_time": "2017-05-29T10:09:20.593Z",
        "object_repr": "Thread object",
        "object_id": "21",
        "change_message": "",
        "user": [
            "rebm01@hotmail.co.uk"
        ],
        "content_type": [
            "threads",
            "thread"
        ]
    },
    "model": "admin.logentry",
    "pk": 66
},
{
    "fields": {
        "action_flag": 1,
        "action_time": "2017-05-29T10:09:48.093Z",
        "object_repr": "Thread object",
        "object_id": "22",
        "change_message": "",
        "user": [
            "rebm01@hotmail.co.uk"
        ],
        "content_type": [
            "threads",
            "thread"
        ]
    },
    "model": "admin.logentry",
    "pk": 67
},
{
    "fields": {
        "action_flag": 1,
        "action_time": "2017-05-29T10:10:45.523Z",
        "object_repr": "Thread object",
        "object_id": "23",
        "change_message": "",
        "user": [
            "rebm01@hotmail.co.uk"
        ],
        "content_type": [
            "threads",
            "thread"
        ]
    },
    "model": "admin.logentry",
    "pk": 68
},
{
    "fields": {
        "action_flag": 1,
        "action_time": "2017-05-29T10:17:09.575Z",
        "object_repr": "Thread object",
        "object_id": "24",
        "change_message": "",
        "user": [
            "rebm01@hotmail.co.uk"
        ],
        "content_type": [
            "threads",
            "thread"
        ]
    },
    "model": "admin.logentry",
    "pk": 69
},
{
    "fields": {
        "action_flag": 1,
        "action_time": "2017-05-29T10:23:57.572Z",
        "object_repr": "Thread object",
        "object_id": "26",
        "change_message": "",
        "user": [
            "rebm01@hotmail.co.uk"
        ],
        "content_type": [
            "threads",
            "thread"
        ]
    },
    "model": "admin.logentry",
    "pk": 70
},
{
    "fields": {
        "action_flag": 1,
        "action_time": "2017-05-29T10:24:41.392Z",
        "object_repr": "Thread object",
        "object_id": "27",
        "change_message": "",
        "user": [
            "rebm01@hotmail.co.uk"
        ],
        "content_type": [
            "threads",
            "thread"
        ]
    },
    "model": "admin.logentry",
    "pk": 71
},
{
    "fields": {
        "action_flag": 2,
        "action_time": "2017-05-29T10:24:50.169Z",
        "object_repr": "Thread object",
        "object_id": "26",
        "change_message": "Changed name.",
        "user": [
            "rebm01@hotmail.co.uk"
        ],
        "content_type": [
            "threads",
            "thread"
        ]
    },
    "model": "admin.logentry",
    "pk": 72
},
{
    "fields": {
        "action_flag": 1,
        "action_time": "2017-05-29T10:26:03.850Z",
        "object_repr": "Thread object",
        "object_id": "28",
        "change_message": "",
        "user": [
            "rebm01@hotmail.co.uk"
        ],
        "content_type": [
            "threads",
            "thread"
        ]
    },
    "model": "admin.logentry",
    "pk": 73
},
{
    "fields": {
        "action_flag": 1,
        "action_time": "2017-05-29T11:29:51.674Z",
        "object_repr": "Thread object",
        "object_id": "29",
        "change_message": "",
        "user": [
            "rebm01@hotmail.co.uk"
        ],
        "content_type": [
            "threads",
            "thread"
        ]
    },
    "model": "admin.logentry",
    "pk": 74
},
{
    "fields": {
        "action_flag": 2,
        "action_time": "2017-05-29T11:35:56.345Z",
        "object_repr": "30 coffees per month",
        "object_id": "1",
        "change_message": "Changed description.",
        "user": [
            "rebm01@hotmail.co.uk"
        ],
        "content_type": [
            "coffees",
            "coffee"
        ]
    },
    "model": "admin.logentry",
    "pk": 75
},
{
    "fields": {
        "action_flag": 2,
        "action_time": "2017-05-29T11:36:26.486Z",
        "object_repr": "25 Coffees per month",
        "object_id": "2",
        "change_message": "Changed description.",
        "user": [
            "rebm01@hotmail.co.uk"
        ],
        "content_type": [
            "coffees",
            "coffee"
        ]
    },
    "model": "admin.logentry",
    "pk": 76
},
{
    "fields": {
        "action_flag": 2,
        "action_time": "2017-05-29T11:36:40.989Z",
        "object_repr": "20 Coffees per month ",
        "object_id": "3",
        "change_message": "Changed description.",
        "user": [
            "rebm01@hotmail.co.uk"
        ],
        "content_type": [
            "coffees",
            "coffee"
        ]
    },
    "model": "admin.logentry",
    "pk": 77
},
{
    "fields": {
        "action_flag": 2,
        "action_time": "2017-05-29T11:37:33.756Z",
        "object_repr": "15 Coffees per month",
        "object_id": "4",
        "change_message": "Changed description.",
        "user": [
            "rebm01@hotmail.co.uk"
        ],
        "content_type": [
            "coffees",
            "coffee"
        ]
    },
    "model": "admin.logentry",
    "pk": 78
},
{
    "fields": {
        "action_flag": 2,
        "action_time": "2017-05-29T11:38:23.055Z",
        "object_repr": "30 coffees per month",
        "object_id": "1",
        "change_message": "Changed description.",
        "user": [
            "rebm01@hotmail.co.uk"
        ],
        "content_type": [
            "coffees",
            "coffee"
        ]
    },
    "model": "admin.logentry",
    "pk": 79
},
{
    "fields": {
        "action_flag": 2,
        "action_time": "2017-05-29T11:38:41.544Z",
        "object_repr": "25 Coffees per month",
        "object_id": "2",
        "change_message": "Changed description.",
        "user": [
            "rebm01@hotmail.co.uk"
        ],
        "content_type": [
            "coffees",
            "coffee"
        ]
    },
    "model": "admin.logentry",
    "pk": 80
},
{
    "fields": {
        "action_flag": 2,
        "action_time": "2017-05-29T11:39:00.114Z",
        "object_repr": "20 Coffees per month ",
        "object_id": "3",
        "change_message": "Changed description.",
        "user": [
            "rebm01@hotmail.co.uk"
        ],
        "content_type": [
            "coffees",
            "coffee"
        ]
    },
    "model": "admin.logentry",
    "pk": 81
},
{
    "fields": {
        "action_flag": 2,
        "action_time": "2017-05-29T11:39:15.871Z",
        "object_repr": "15 Coffees per month",
        "object_id": "4",
        "change_message": "Changed description.",
        "user": [
            "rebm01@hotmail.co.uk"
        ],
        "content_type": [
            "coffees",
            "coffee"
        ]
    },
    "model": "admin.logentry",
    "pk": 82
},
{
    "fields": {
        "action_flag": 2,
        "action_time": "2017-05-29T11:39:42.959Z",
        "object_repr": "10 Coffees per month",
        "object_id": "5",
        "change_message": "Changed description.",
        "user": [
            "rebm01@hotmail.co.uk"
        ],
        "content_type": [
            "coffees",
            "coffee"
        ]
    },
    "model": "admin.logentry",
    "pk": 83
}
]
